country,year,pop,areakm2 ,gdpnom,flights - WB,hotels,hotrooms,expend,receipt,ovnarriv,dayvisit,crusvis,arrpleas,arrbus,arrair,arrwat,emptour,carrycap,exptour,expbus,travx,travpas,arrafr,arram,arreap,arreur,arrme,arrse,arroth,arrausl,arrbel,araus,arrfra,arrger,arrchn,arrit,arrnet,arrswz,arrind,arruae,arrreu,arrsey,arrspa,arrsin,arrsaf,arrrus,arrswe,arruk,arrmad,ocrooms,ocbed,avstay,avcap,intrxgdp,ottexpdg,tbalgdp,topen,tcov,intxexg,intxexs,intxexal,intxcac,oteximg,otxims,otximal,otxcad
1,0,1187000,2040,.,12162,.,.,.,732000000,656000,22000,11000,651000,27000,646000,10000,.,.,.,.,542,190,.,.,.,.,.,.,.,.,.,.,.,.,.,.,.,.,.,.,.,.,.,.,.,.,.,.,.,.,.,.,.,.,.,.,.,.,.,.,,.,.,.,.,.
1,1,1189800,2040,4684000000,12269,95,9024,.,820000000,660000,15000,6000,648000,27000,650000,10000,.,.,467,156,623,197,.,.,.,.,.,.,.,.,.,.,.,.,.,.,.,.,.,.,.,.,.,.,.,.,.,.,.,.,.,.,.,.,.,.,.,.,.,.,.,.,.,.,.,.
1,2,1200200,2040,4911000000,12720,95,9623,.,829000000,682000,27000,18000,680000,29000,668000,14000,.,.,385,227,612,217,.,.,.,.,.,.,.,.,.,.,.,.,.,.,.,.,.,.,.,.,.,.,.,.,.,.,.,.,.,.,.,.,.,.,.,.,.,.,.,.,.,.,.,.
1,3,1210400,2040,5825000000,12969,97,9647,.,960000000,702000,20000,9000,691000,31000,690000,12000,.,.,452,245,697,263,.,.,.,.,.,.,.,.,.,.,.,.,.,.,.,.,.,.,.,.,.,.,.,.,.,.,.,.,.,.,.,.,.,.,.,.,.,.,.,.,.,.,.,.
1,4,1220500,2040,6594000000,14791,103,10640,.,1156000000,719000,20000,9000,709000,30000,708000,11000,.,.,525,331,856,300,.,.,.,.,.,.,.,.,.,.,.,.,.,.,.,.,.,.,.,.,.,.,.,.,.,.,.,.,.,.,.,.,.,.,.,.,.,.,.,.,.,.,.,.
1,5,1243000,2040,6489000000,14743,99,10497,.,1189000000,761000,20000,9000,751000,30000,748000,13000,.,.,503,368,871,318,.,.,.,.,.,.,.,.,.,.,.,.,.,.,.,.,.,.,.,.,.,.,.,.,.,.,.,.,.,.,.,.,.,.,.,.,.,.,.,.,.,.,.,.
1,6,1240800,2040,6732000000,13692,98,10666,.,1302000000,788000,19000,8000,775000,32000,775000,13000,.,.,638,367,1005,297,.,.,.,.,.,.,.,.,.,.,.,.,.,.,.,.,.,.,.,.,.,.,.,.,.,.,.,.,.,.,.,.,.,.,.,.,.,.,.,.,.,.,.,.
1,7,1250900,2040,7792000000,12090,97,10857,.,1663000000,907000,26000,9000,898000,35000,895000,12000,26500,0.72,853,450,1304,359,211000,10000,40000,596000,5000,45000,.,19635,10945,10969,240028,65165,7739,69510,6331,17546,42974,1971,95823,14275,11092,2020,81733,5968,9891,107297,8842,76,68,.,17.28,21.3,4.8,16.4,26.3,433.1,74.3,75.4,37.4,30.2,10.5,24.5,7.3,6.2
1,8,1274200,2040,9641000000,11742,102,11488,.,1823000000,930000,40000,13000,933000,37000,914000,16000,28800,0.73,937,517,1454,369,213000,14000,40000,609000,7000,46000,1000,18852,11796,8974,260054,61484,8425,66432,6051,16037,43911,4109,96174,10604,12001,1758,84448,6763,8305,107919,10905,68,61,.,18.2,18.9,5.1,13.8,24,372.8,76.5,71.7,37,29.6,11.1,25.5,7.8,6.7
1,9,1284300,2040,8824000000,11144,102,11456,.,1390000000,871000,19000,14000,861000,29000,848000,23000,27000,0.68,731,389,1120,270,204000,13000,26000,580000,6000,41000,1000,10363,10254,8106,275599,51279,6925,56736,5527,15349,39252,3141,104946,7532,9549,1657,74176,5626,5060,101996,8333,61,54,.,18.22,15.7,4.3,11.4,20.1,362,71.7,62.1,33.3,27.5,11,23.9,7.5,6.7
1,10,1283400,2040,9706000000,11750,112,12075,.,1585000000,935000,21000,14000,920000,36000,911000,24000,27200,0.73,833,452,1285,300,226000,14000,31000,606000,6000,51000,1000,11493,10214,9255,302185,52886,7609,56540,4865,18577,49779,3470,114914,10160,8096,1909,81458,6615,4496,97548,9833,65,57,.,19.28,16.3,4.4,12,20.7,374.7,70.1,58.8,32,15.3,10.2,21.4,6.9,3.7
1,11,1288700,2040,11244000000,12353,109,11925,.,1813000000,965000,18000,12000,942000,41000,940000,25000,28000,0.75,952,537,1489,324,231000,14000,46000,610000,6000,56000,2000,15726,12029,8822,302004,56331,15133,52747,5179,24362,53955,3780,113000,8485,9801,2461,86232,12224,4325,88182,11449,65,57,.,18.85,16.1,3.8,12.3,19.9,424.6,68.5,55,30.5,14.7,8.7,17.1,5.7,3.1
1,12,1293500,2040,11466000000,12258,.,.,.,.,.,.,.,.,.,.,.,.,.,.,.,.,.,.,.,.,.,.,.,.,.,.,.,.,.,.,.,.,.,.,.,.,.,.,.,.,.,.,.,.,.,.,.,.,.,.,.,.,.,.,.,.,.,.,.,.,.
2,0,.,451,615000000,18966,.,.,.,225000000,130000,.,.,.,.,.,.,.,.,.,.,.,.,.,.,.,.,.,.,.,.,.,.,.,.,.,.,.,.,.,.,.,.,.,.,.,.,.,.,.,.,.,.,.,.,.,.,.,.,.,.,.,.,.,.,.,.
2,1,81000,451,622000000,20249,.,.,.,221000000,130000,.,.,.,.,.,.,.,.,.,.,.,.,.,.,.,.,.,.,.,.,.,.,.,.,.,.,.,.,.,.,.,.,.,.,.,.,.,.,.,.,.,.,.,.,.,.,.,.,.,.,.,.,.,.,.,.
2,2,84000,451,698000000,22449,.,.,.,247000000,132000,.,.,.,.,.,.,.,.,.,.,.,.,.,.,.,.,.,.,.,.,.,.,.,.,.,.,.,.,.,.,.,.,.,.,.,.,.,.,.,.,.,.,.,.,.,.,.,.,.,.,.,.,.,.,.,.
2,3,83000,451,706000000,18647,.,.,.,258000000,122000,.,.,.,.,.,.,.,.,.,.,.,.,.,.,.,.,.,.,.,.,.,.,.,.,.,.,.,.,.,.,.,.,.,.,.,.,.,.,.,.,.,.,.,.,.,.,.,.,.,.,.,.,.,.,.,.
2,4,83000,451,857000000,19281,.,.,.,256000000,121000,.,.,.,.,.,.,.,.,.,.,.,.,.,.,.,.,.,.,.,.,.,.,.,.,.,.,.,.,.,.,.,.,.,.,.,.,.,.,.,.,.,.,.,.,.,.,.,.,.,.,.,.,.,.,.,.
2,5,83000,451,937000000,19581,.,.,.,269000000,129000,.,.,.,.,.,.,.,.,.,.,.,.,.,.,.,.,.,.,.,.,.,.,.,.,.,.,.,.,.,.,.,.,.,.,.,.,.,.,.,.,.,.,.,.,.,.,.,.,.,.,.,.,.,.,.,.
2,6,85000,451,1037000000,19526,.,.,.,323000000,141000,.,,.,.,.,.,.,.,.,.,.,.,.,.,.,.,.,.,.,.,.,.,.,.,.,.,.,.,.,.,.,.,.,.,.,.,.,.,.,.,.,.,.,.,.,.,.,.,.,.,.,.,.,.,.,.
2,7,85000,451,1039000000,20727,103,2710,.,396000000,161000,10000,10000,153000,8000,159000,2000,.,1.89,260,65,326,70,17,4,4,130,5,2,.,844,2245,3316,31894,19421,1066,25546,1368,5467,1110,3035,2347,3159,3420,392,8106,5931,1052,16372,277,58,56,.,64.21,38.9,7.2,31.7,46,542.5,99.6,63,38.6,37.8,10.7,16,6.4,6.4
2,8,87000,451,962000000,11896,107,2360,.,408000000,159000,14000,14000,149000,10000,156000,3000,.,1.83,247,62,309,99,19,4,3,125,5,2,.,697,2225,3070,31386,21222,843,23818,1377,5268,1241,3553,2834,4086,2495,523,8219,6569,952,13755,687,60,57,.,55.66,44.3,7,37.4,51.3,637.5,93.2,66.9,38.9,37.4,7.6,17.6,5.3,5.3
2,9,87000,451,841000000,11238,115,2490,.,349000000,158000,20000,20000,147000,10000,155000,2000,.,1.81,205,51,257,92,18,5,4,122,6,2,.,675,2185,2852,31341,19736,919,26114,1297,5597,1616,3842,3389,3476,2599,511,8208,8098,756,11292,316,56,54,.,57.85,44.3,7,37.3,51.3,634.5,80.8,58.1,33.8,31.8,7.5,14.4,4.9,4.9
2,10,90000,451,973000000,12989,124,2510,.,352000000,175000,16000,16000,165000,10000,174000,1000,.,2.02,219,55,274,78,22,4,4,132,8,4,.,928,2247,3446,35026,21314,1078,25602,1435,6523,2671,5387,4483,3631,2627,625,10425,8942,983,12322,349,58,57,.,61.02,.,.,.,.,558.7,87.9,59.5,35.5,33.8,8.6,14.7,5.4,5.3
2,11,87000,451,1060000000,14202,132,.,.,378000000,194000,.,.,187000,7000,193000,1000,.,2.26,236,55,291,87,24,5,6,144,12,3,.,980,2512,3745,39370,23706,2124,25674,1747,7644,2380,8488,4789,3867,2769,526,10559,8840,1084,13335,590,.,.,.,.,.,.,.,.,581.5,79.1,61.5,34.6,32.8,7.4,15.4,5,4.9
2,12,.,451,1031000000,11878,.,.,.,.,.,.,.,.,.,.,.,.,.,.,.,.,.,.,.,.,,.,.,.,.,.,.,.,.,.,.,.,.,.,.,.,.,.,.,.,.,.,,.,.,.,.,.,,,,,,.,.,.,.,.,.,.,.
3,0,777000,440,788000000,62070,,,.,291000000,207000,,,,,,,,,,,,,,,,,,,,,,,,,,,,,,,,,,,,,,,,,,,,,,,,,,,,,,,,
3,1,792000,440,778000000,72001,,,.,272000000,215000,,,,,,,,,,,,,,,,,,,,,,,,,,,,,,,,,,,,,,,,,,,,,,,,,,,,,,,,
3,2,805000,440,807000000,63361,,,.,274000000,218000,,,,,,,,,,,,,,,,,,,,,,,,,,,,,,,,,,,,,,,,,,,,,,,,,,,,,,,,
3,3,817000,440,849000000,67163,,,.,300000000,239000,,,,,,,,,,,,,,,,,,,,,,,,,,,,,,,,,,,,,,,,,,,,,,,,,,,,,,,,
3,4,828000,440,905000000,25700,,,.,337000000,246000,,,,,,,,,,,,,,,,,,,,,,,,,,,,,,,,,,,,,,,,,,,,,,,,,,,,,,,,
3,5,839000,440,1002000000,26985,,,.,309000000,245000,,,,,,,,,,,,,,,,,,,,,,,,,,,,,,,,,,,,,,,,,,,,,,,,,,,,,,,,
3,6,849000,440,1141000000,26175,,,.,327000000,254000,,,,,,,,,,,,,,,,,,,,,,,,,,,,,,,,,,,,,,,,,,,,,,,,,,,,,,,,
3,7,859000,440,1296000000,27746,4157,.,.,338000000,262000,673000,673000,251000,11000,262000,673000,.,3.05,,,338,,.,141000,.,115000,.,.,6000,,,,1841,3480,,6147,,,,,,,,,,,,96801,,,,,,26.1,4,22.1,30.1,650,570.2,64.8,58.2,51.6,8,18.3,5.6,5.3
3,8,869000,440,1355000000,28356,4673,.,.,334000000,266000,597000,597000,258000,8000,266000,597000,.,3.06,,,334,,.,152000,.,110000,.,.,4000,,,,1710,3597,,7212,,,,,,,,,,,,89514,,,65.97,,69.93,24.7,4.3,20.4,28.9,575.9,510.8,59.6,53.4,48.5,8.7,21.4,6.2,5.9
3,9,878000,440,1211000000,26371,.,.,.,305000000,234000,710000,710000,228000,6000,234000,710000,.,2.67,,,305,,.,138000,.,93000,.,.,3000,,,,1567,3752,,7726,,,,,,,,,,,,73251,,,.,,.,25.1,4.4,20.7,29.6,564.8,601.1,59.7,54.3,49.6,11.3,23.7,7.6,7.4
3,10,887000,440,1136000000,39865,.,.,.,298000000,230000,557000,558000,225000,5000,230000,558000,.,2.59,,,298,,.,137000,.,89000,.,.,4000,,,,1661,3339,,10180,,,,,,,,,,,,66623,,,.,,.,25.8,4.5,21.3,30.3,573.1,657.4,62.3,56.9,51.6,11.5,23,7.6,7.3
3,11,818000,440,1125000000,36534,.,.,.,312000000,241000,606000,606000,234000,7000,241000,606000,.,2.69,,,312,,.,145000,.,92000,.,.,4000,,,,1747,2899,,11048,,,,,,,,,,,,69184,,,.,,.,27.9,4.5,23.4,32.4,624,718.1,63.2,58.1,53.1,11.7,23,7.8,7.4
3,12,,440,1176000000,33606,.,.,.,.,.,.,.,.,.,.,.,,,,,,,,,,,,,,,,,.,.,,.,,,,,,,,,,,,.,,,.,,.,.,.,.,.,.,.,.,.,.,.,.,.,.
4,0,101500,344,523000000,.,,,.,93000000,129000,,,,,,,,,,,,,,,,,,,,,,,,,,,,,,,,,,,,,,,,.,.,,,,,,,,,,,,,,,
4,1,101700,344,523000000,.,,,.,83000000,123000,,,,,,,,,,,,,,,,,,,,,,,,,,,,,,,,,,,,,,,,.,.,,,,,,,,,,,,,,,
4,2,102000,344,544000000,.,,,.,91000000,132000,,,,,,,,,,,,,,,,,,,,,,,,,,,,,,,,,,,,,,,,.,.,,,,,,,,,,,,,,,
4,3,102200,344,596000000,.,,,.,104000000,142000,,,,,,,,,,,,,,,,,,,,,,,,,,,,,,,,,,,,,,,,.,.,,,,,,,,,,,,,,,
4,4,102500,344,602000000,.,,,.,86000000,134000,,,,,,,,,,,,,,,,,,,,,,,,,,,,,,,,,,,,,,,,.,.,,,,,,,,,,,,,,,
4,5,102700,344,701000000,.,,,.,71000000,99000,,,,,,,,,,,,,,,,,,,,,,,,,,,,,,,,,,,,,,,,.,.,,,,,,,,,,,,,,,
4,6,103000,344,705000000,.,,,.,94000000,119000,,,,,,,,,,,,,,,,,,,,,,,,,,,,,,,,,,,,,,,,.,.,,,,,,,,,,,,,,,
4,7,103400,344,764000000,.,70,1628,.,109000000,130000,275000,270000,104000,26000,125000,5000,.,1.26,.,.,109,.,1000,64000,3000,42000,.,.,20000,1669,118,529,864,2737,.,695,502,580,.,.,.,.,214,.,595,180,426,33976,.,.,.,8.7,24.65,14.3,2.1,12.2,16.4,681.3,267.6,73.5,57.7,44.8,4.9,14.7,3.7,3.4
4,8,103700,344,832000000,.,74,1782,.,109000000,130000,298000,293000,104000,26000,125000,5000,.,1.25,.,.,109,.,1000,66000,1000,45000,.,.,18000,411,175,520,1063,3183,.,612,403,663,.,.,.,.,194,.,141,227,442,35439,.,.,.,8.44,25.23,13.1,1.3,11.8,14.4,990.9,269.3,73,57.4,43.7,3.2,9.7,2.4,2.3
4,9,104100,344,776000000,.,80,1884,.,99000000,114000,346000,343000,95000,19000,109000,4000,.,1.1,.,.,99,.,1000,62000,1000,36000,.,.,14000,248,134,545,1105,2698,.,578,340,617,.,.,.,.,165,.,181,170,386,27715,.,.,.,8.52,25.71,12.8,1.3,11.5,14.1,990,280.5,71.3,56.8,41.7,3.8,10.2,2.8,2.6
4,10,104500,344,770000000,.,115,2155,.,97000000,110000,335000,333000,89000,21000,105000,5000,.,1.05,.,.,97,.,1000,59000,1000,35000,.,.,14000,313,175,512,1229,2613,.,697,486,645,.,.,.,.,195,.,159,211,481,26591,.,.,.,8.5,32.41,12.4,1.3,11.1,13.7,970,320,70.4,57.7,43.8,3.5,10.7,2.6,2.5
4,11,104900,344,780000000,.,81,1900,.,105000000,118000,312000,310000,98000,20000,114000,4000,.,1.12,.,.,105,.,1000,65000,1000,36000,.,.,15000,306,171,500,132,2347,.,512,357,705,.,.,.,.,154,.,176,145,638,27828,.,.,.,8.21,27.45,12.9,1.2,11.6,14.1,1050,288.8,71,57,44.7,3.4,10.5,2.6,2.4
4,12,.,344,790000000,.,.,.,.,.,.,.,.,.,.,.,.,.,.,.,.,.,.,.,.,.,.,.,.,.,.,.,.,.,.,.,.,.,.,.,.,.,.,.,.,.,.,.,.,.,,,.,.,.,.,.,.,.,.,.,.,.,.,.,.,.
5,0,638200,765,7966000000,21303,,,,854000000,3869000,,,,,,,,,,,,,,,,,,,,,,,,,,,,,,,,,,,,,,,,,,,,,,,,,,,,,,,,
5,1,642500,765,7969000000,20492,,,,886000000,4388000,,,,,,,,,,,,,,,,,,,,,,,,,,,,,,,,,,,,,,,,,,,,,,,,,,,,,,,,
5,2,642100,765,8489000000,19752,,,,985000000,4831000,,,,,,,,,,,,,,,,,,,,,,,,,,,,,,,,,,,,,,,,,,,,,,,,,,,,,,,,
5,3,647200,765,9745000000,28508,,,,1206000000,4844000,,,,,,,,,,,,,,,,,,,,,,,,,,,,,,,,,,,,,,,,,,,,,,,,,,,,,,,,
5,4,671800,765,11233000000,32488,,,,1504000000,5667000,,,,,,,,,,,,,,,,,,,,,,,,,,,,,,,,,,,,,,,,,,,,,,,,,,,,,,,,
5,5,724800,765,13457000000,.,,,,1603000000,6313000,,,,,,,,,,,,,,,,,,,,,,,,,,,,,,,,,,,,,,,,,,,,,,,,,,,,,,,,
5,6,811400,765,15848000000,.,,,,1786000000,7289000,,,,,,,,,,,,,,,,,,,,,,,,,,,,,,,,,,,,,,,,,,,,,,,,,,,,,,,,
5,7,925700,765,18468000000,.,100,.,1854000,1854000000,7833000,2898000,.,6788000,1045000,1642000,53000,,5.33,,,1105,749,109000,267000,390000,507000,5451000,1109000,.,35874,7582,7053,38009,54312,13193,25545,19212,5270,718415,61630,.,490,6398,4226,23768,3967,4731,263684,25,57.8,.,1.9,.,10.1,3.7,6.5,13.8,276.3,13.6,50.4,10.7,.,6.1,39.4,5.3,2.7
5,8,1052000,765,22146000000,.,101,9217,1927000,1927000000,8631000,.,.,7362000,1269000,1855000,80000,,8.2,,,1166,761,.,.,.,.,.,.,.,.,.,.,.,.,.,.,.,.,.,.,.,.,.,.,.,.,.,.,.,60.5,.,2.1,.,8.8,3.2,5.6,12,273.7,11.1,49.2,9.1,.,4.9,34.7,4.3,2.8
5,9,1170000,765,19287000000,69808,105,8367,1873000,1873000000,8861000,.,.,.,.,1941000,94000,,7.58,,,1118,755,.,.,.,.,.,.,.,.,.,.,.,.,.,.,.,.,.,.,.,.,.,.,.,.,.,.,.,.,.,2,.,9.6,3.1,6.6,12.7,313.7,15.8,48.9,11.9,.,6.2,34.3,5.3,4.1
5,10,1262000,765,21488000000,62473,100,8679,2163000,2163000000,11952000,.,.,.,.,2280000,143000,,9.47,,,1362,801,.,.,.,.,.,.,.,.,.,.,.,.,.,.,.,.,.,.,.,.,.,.,.,.,.,.,.,.,.,1.9,.,10,3.2,6.8,13.1,316.2,15.8,51.1,12.1,.,6.1,35.9,5.2,4.2
5,11,1324000,765,25866000000,60779,101,9010,1766000,1766000000,6732000,.,.,6082000,650000,1521000,55000,,5.09,,,1035,731,100000,91000,339000,513000,4276000,1213000,.,27315,7079,6196,38742,55329,22418,28197,17715,3504,837514,42789,.,478,9205,3915,21976,10630,3490,250551,20,33.4,.,1.89,10.34,.,.,.,.,196.4,9,53.6,7.7,,7.4,50.5,6.5,4
5,12,.,765,27026000000,61904,.,.,.,,.,.,.,.,.,.,,,.,,,.,.,.,.,.,.,.,.,.,.,.,,.,.,.,.,.,.,.,.,.,.,.,.,.,.,.,.,.,.,.,.,.,.,.,.,.,.,.,.,.,.,.,.,.,
6,0,267500,431,3098000000,.,,,,733000000,545000,,,,,,,,,,,,,,,,,,,,,,,,,,,,,,,,,,,,,,,,,,,,,,,,,,,,,,,,
6,1,268200,431,3096000000,.,,,,706000000,507000,,,,,,,,,,,,,,,,,,,,,,,,,,,,,,,,,,,,,,,,,,,,,,,,,,,,,,,,
6,2,268800,431,3115000000,.,,,,666000000,498000,,,,,,,,,,,,,,,,,,,,,,,,,,,,,,,,,,,,,,,,,,,,,,,,,,,,,,,,
6,3,269400,431,3244000000,.,,,,767000000,531000,,,,,,,,,,,,,,,,,,,,,,,,,,,,,,,,,,,,,,,,,,,,,,,,,,,,,,,,
6,4,269900,431,3492000000,.,,,,784000000,552000,,,,,,,,,,,,,,,,,,,,,,,,,,,,,,,,,,,,,,,,,,,,,,,,,,,,,,,,
6,5,270500,431,3908000000,.,,,,1081000000,548000,,,,,,,,,,,,,,,,,,,,,,,,,,,,,,,,,,,,,,,,,,,,,,,,,,,,,,,,
6,6,271000,431,4197000000,.,,,,1235000000,563000,,,,,,,,,,,,,,,,,,,,,,,,,,,,,,,,,,,,,,,,,,,,,,,,,,,,,,,,
6,7,271600,431,4483000000,.,.,6300,1224000,1224000000,575000,616000,616000,516000,58000,575000,616000,,2.12,1217,0.1,1217,7,3000,303000,10000,251000,.,4000,3000,7777,885,688,2896,5569,478,3631,583,1415,3090,277,.,6,992,175,2659,713,1391,222700,.,56.1,57.2,7.4,.,27.3,6.5,20.8,33.8,422.1,232.9,72,55,47.3,17.1,43.4,12.2,10.8
6,8,272200,431,4344000000,.,.,6984,1244000,1244000000,568000,597000,597000,508000,60000,568000,597000,,2.09,1237,0.5,1237,7,1000,309000,4000,250000,.,1000,2000,2102,763,529,2875,6111,399,4004,510,1410,963,139,.,5,1167,126,501,1116,1519,219095,.,.,.,.,.,28.6,6.4,22.2,35,445.9,254.2,68.3,53.8,47.6,15.4,36.8,10.9,9.8
6,9,272800,431,4396000000,.,.,6917,1122000,1122000000,519000,635000,635000,463000,55000,519000,635000,,1.9,1111,0.7,1112,10,1000,292000,3000,219000,.,1000,2000,1169,647,710,2416,7038,531,4421,412,1597,959,188,.,.,953,117,413,1024,1270,189713,.,.,.,.,.,25.5,6.7,18.9,32.2,382.9,295.1,74.6,59.6,47.7,221.4,41.2,14.1,11.6
6,10,273300,431,4245000000,.,.,6659,1074000,1074000000,532000,665000,665000,479000,53000,532000,665000,,1.95,1070,1.2,1071,3,1000,313000,4000,211000,.,2000,1000,1971,624,857,2524,7300,397,3944,310,1821,1317,260,.,2,863,112,652,1217,1526,180290,.,.,.,.,.,25.2,8.2,17,33.4,306,249.4,65.6,51.9,44,23.3,47.8,15.7,13.8
6,11,273900,431,4313000000,.,.,6775,.,.,568000,619000,619000,514000,54000,568000,619000,,2.07,.,.,.,.,1000,337000,4000,224000,.,1000,1000,1765,550,916,3167,8401,403,4426,357,1994,1230,152,.,10,924,86,366,1718,2299,189150,.,.,.,.,.,.,.,.,.,.,.,.,.,.,.,.,.,.
6,12,.,431,4490000000,.,.,.,.,.,.,.,.,.,.,.,.,,.,.,.,.,.,.,.,.,.,.,.,.,.,.,.,.,.,.,.,.,.,.,.,.,.,.,.,.,.,.,.,.,.,.,.,.,.,.,.,.,.,.,.,.,.,.,.,.,.
7,0,62100,53,3480000000,.,,,,431000000,332000,,,,,,,,,,,,,,,,,,,,,,,,,,,,,,,,,,,,,,,,,,,,,,,,,,,,,,,,
7,1,62500,53,3680000000,.,,,,351000000,278000,,,,,,,,,,,,,,,,,,,,,,,,,,,,,,,,,,,,,,,,,,,,,,,,,,,,,,,,
7,2,62800,53,3937000000,.,,,,378000000,284000,,,,,,,,,,,,,,,,,,,,,,,,,,,,,,,,,,,,,,,,,,,,,,,,,,,,,,,,
7,3,63000,53,4187000000,.,,,,348000000,257000,,,,,,,,,,,,,,,,,,,,,,,,,,,,,,,,,,,,,,,,,,,,,,,,,,,,,,,,
7,4,63300,53,4485000000,.,,,,426000000,272000,,,,,,,,,,,,,,,,,,,,,,,,,,,,,,,,,,,,,,,,,,,,,,,,,,,,,,,,
7,5,63600,53,4868000000,.,,,,429000000,270000,,,,,,,,,,,,,,,,,,,,,,,,,,,,,,,,,,,,,,,,,,,,,,,,,,,,,,,,
7,6,63800,53,5414000000,.,,,,495000000,299000,,,,,,,,,,,,,,,,,,,,,,,,,,,,,,,,,,,,,,,,,,,,,,,,,,,,,,,,
7,7,64000,53,5895000000,.,.,2766,569000000,569000000,306000,354000,354000,238000,68000,306000,354000,,4.78,446,123,569,.,.,257000,1000,36000,.,,12000,509,.,118,1007,1402,.,1114,.,507,.,.,.,.,.,.,.,.,.,30386,,67.1,.,4.88,87.34,.,.,.,.,125.6,2247.2,35.4,34.9,13.6,38.9,40.6,19.9,9.3
7,8,64200,53,6110000000,.,.,2736,431000000,431000000,264000,286000,286000,203000,61000,264000,286000,,4.11,322,109,431,.,.,217000,1000,35000,.,.,11000,409,.,171,954,1293,.,1544,.,545,.,.,.,.,.,.,.,.,.,29255,,59.1,.,5,86.26,.,.,.,.,93.9,1832.5,29.4,29,11.1,39.6,44.1,20.9,9.8
7,9,64400,53,5806000000,.,.,2830,366000000,366000000,236000,318000,318000,185000,50000,236000,318000,,3.66,286,80,366,.,.,198000,1000,29000,.,.,8000,475,.,135,754,1032,.,1253,.,595,.,.,.,.,.,.,.,.,.,23905,,51.1,.,4.84,90.28,.,.,.,.,89.9,1276.6,27.6,27,11.4,38.2,441.4,19.9,10.1
7,10,64300,53,5765000000,.,.,2695,442000000,442000000,232000,348000,348000,184000,48000,232000,348000,,3.59,325,117,442,.,.,196000,1000,28000,.,.,7000,703,.,168,711,994,.,1244,.,887,.,.,.,.,.,.,.,.,.,23240,,54,.,4.94,88.58,.,.,.,.,106,3010.9,31.5,31.2,13.7,42.4,41.2,20.8,10.6
7,11,64700,53,.,.,.,.,472000000,472000000,236000,416000,416000,.,.,236000,416000,,3.65,343,123,466,6,.,202000,1000,27000,.,.,6000,691,.,176,698,1116,.,1184,.,880,.,.,.,.,.,.,.,.,.,21524,,.,.,.,.,.,.,.,.,114.3,3498.9,33.1,32.7,14.4,45.4,42.4,21.9,10.7
7,12,.,53,.,.,.,.,.,.,.,.,.,.,.,.,.,,.,.,.,.,.,,.,.,,,,,.,.,.,.,.,.,.,.,.,.,.,.,.,.,.,.,.,.,.,,.,.,.,.,.,.,.,.,.,.,.,.,.,.,.,.,.
8,0,437200,4033,539000000,13010,,,,64000000,115000,,,,,,,,,,,,,,,,,,,,,,,,,,,,,,,,,,,,,,,,,,,,,,,,,,,,,,,,
8,1,445100,4033,563000000,8745,,,,77000000,134000,,,,,,,,,,,,,,,,,,,,,,,,,,,,,,,,,,,,,,,,,,,,,,,,,,,,,,,,
8,2,452700,4033,621000000,8735,,,,100000000,126000,,,,,,,,,,,,,,,,,,,,,,,,,,,,,,,,,,,,,,,,,,,,,,,,,,,,,,,,
8,3,460000,4033,814000000,9434,,,,135000000,150000,,,,,,,,,,,,,,,,,,,,,,,,,,,,,,,,,,,,,,,,,,,,,,,,,,,,,,,,
8,4,466800,4033,924000000,16612,,,,153000000,157000,,,,,,,,,,,,,,,,,,,,,,,,,,,,,,,,,,,,,,,,,,,,,,,,,,,,,,,,
8,5,472900,4033,972000000,19905,,,,177000000,198000,,,,,,,,,,,,,,,,,,,,,,,,,,,,,,,,,,,,,,,,,,,,,,,,,,,,,,,,
8,6,478300,4033,1109000000,19862,,,,280000000,242000,,,,,,,,,,,,,,,,,,,,,,,,,,,,,,,,,,,,,,,,,,,,,,,,,,,,,,,,
8,7,483000,4033,1333000000,21086,150,5368,375000,375000000,267000,.,.,.,.,267000,.,0.55,,293,11,304,71,300,5000,.,228000,.,.,34000,.,.,971,23646,31329,.,46324,.,3197,.,.,.,.,.,.,307,.,.,46688,.,.,40.13,4.3,20.22,28.2,9.2,18.9,37.4,304.9,538.2,5.6,66.3,37.6,16.8,40.8,11.9,10.6
8,8,487400,4033,1569000000,12236,158,6172,432000,432000000,285000,.,.,.,.,285000,.,0.58,,338,14,352,80,200,4000,.,234000,.,.,47000,.,.,876,21057,32705,.,48956,.,2669,.,.,.,.,.,.,193,.,.,51680,.,.,48.33,5.21,23.43,.,.,.,.,302.1,419.9,71.1,60.8,37.2,17.5,39,12.1,10.9
8,9,491600,4033,1605000000,11560,173,6367,349000,349000000,287000,.,.,.,.,287000,.,0.58,,264,22,286,63,200,4000,.,244000,.,.,39000,.,.,977,22675,40138,.,42628,.,2277,.,.,.,.,.,.,175,.,.,57011,.,.,44.9,5.89,23.84,.,.,.,.,240.7,433.7,71.8,61.6,35.6,19.2,44.5,13.4,12.2
8,10,496000,4033,1662000000,10363,178,5891,387000,387000000,336000,.,.,.,.,336000,.,0.68,,265,13,278,109,200,3000,.,298000,.,.,35000,.,.,962,43496,48920,.,40717,.,2054,.,.,.,.,.,.,218,.,.,72019,.,.,49.99,5.73,22.98,.,.,.,.,280.4,315.3,75.4,60.8,36.5,17.1,44.9,12.4,11.5
8,11,500600,4033,1903000000,10658,195,7901,438000,438000000,428000,.,.,.,.,428000,.,0.85,,351,17,368,70,3000,4000,.,385000,.,.,36000,.,.,1772,66641,60495,.,56378,.,6008,.,.,.,.,.,.,2819,.,.,90481,.,.,58.19,5.7,28.12,.,.,.,.,308.5,222.9,74.7,55.9,35.1,13.7,43.1,10.4,9.6
8,12,523600,4033,1899000000,10555,.,.,.,.,.,.,.,.,.,.,.,.,,.,.,.,.,.,.,.,.,.,.,.,.,.,.,.,.,.,.,.,.,.,.,.,.,.,.,.,.,.,.,.,.,.,.,.,.,.,.,,.,.,.,.,.,.,.,.,.
9,0,562500,2235,202000000,.,,,,15000000,24000,,,,,,,,,,,,,,,,,,,,,,,,,,,,,,,,,,,,,,,,,,,,,,,,,,,,,,,,
9,1,577600,2235,220000000,.,,,,9000000,19000,,,,,,,,,,,,,,,,,,,,,,,,,,,,,,,,,,,,,,,,,,,,,,,,,,,,,,,,
9,2,593200,2235,252000000,.,,,,11000000,19000,,,,,,,,,,,,,,,,,,,,,,,,,,,,,,,,,,,,,,,,,,,,,,,,,,,,,,,,
9,3,609300,2235,325000000,.,,,,16000000,21000,,,,,,,,,,,,,,,,,,,,,,,,,,,,,,,,,,,,,,,,,,,,,,,,,,,,,,,,
9,4,625900,2235,363000000,.,,,,21000000,23000,,,,,,,,,,,,,,,,,,,,,,,,,,,,,,,,,,,,,,,,,,,,,,,,,,,,,,,,
9,5,643000,2235,388000000,.,,,,24000000,26000,,,,,,,,,,,,,,,,,,,,,,,,,,,,,,,,,,,,,,,,,,,,,,,,,,,,,,,,
9,6,660600,2235,404000000,.,,,,27000000,29000,,,,,,,,,,,,,,,,,,,,,,,,,,,,,,,,,,,,,,,,,,,,,,,,,,,,,,,,
9,7,678600,2235,466000000,.,38,235,30200000,30000000,15000,.,.,10800,4400,15200,.,.,0.02,27.1,3.1,.,.,,,,,,,,.,.,.,8675,93,.,.,.,.,.,.,1286,.,.,.,409,.,.,115,818,,,7,0.69,6.5,3.3,3.2,9.8,198.7,.,.,.,.,.,.,.,.
9,8,697000,2235,533000000,.,39,230,38600000,39000000,15000,.,.,10600,4200,14800,.,.,0.02,35.3,3.3,.,.,,,,,,,,.,.,.,10509,66,.,.,.,.,.,.,514,.,.,.,.,.,.,213,210,,,8,0.66,7.4,3.3,4.1,10.7,225.7,.,.,.,.,.,.,.,.
9,9,715800,2235,537000000,.,40,260,34400000,34000000,11000,.,.,8300,3000,11300,.,.,0.02,31.3,3.1,.,.,,,,,,,,.,.,.,6957,117,.,.,.,.,.,.,907,.,.,.,.,.,.,146,206,,,6,0.73,6.6,3.3,3.3,10,197.7,.,.,.,.,.,.,.,.
9,10,734700,2235,544000000,.,42,300,.,.,.,.,.,12000,3300,15300,.,.,0.02,.,.,.,.,,,,,,,,.,.,.,.,.,.,.,.,.,.,.,.,.,.,.,.,.,.,.,.,,,6,0.82,6.2,.,.,.,.,.,.,.,.,.,.,.,.
9,11,753900,2235,611000000,.,.,.,.,.,.,.,.,.,.,.,.,.,,.,.,.,.,,,,,,,,.,.,.,.,.,.,.,.,.,.,.,.,.,.,.,.,.,.,.,.,,,.,.,.,.,.,.,.,.,.,.,.,.,.,.,.
9,12,.,2235,600000000,.,.,.,.,.,.,.,.,.,.,.,.,.,,.,.,.,.,,,,,,,,.,.,.,.,.,.,.,.,.,.,.,,.,.,.,,.,.,,.,.,,,,.,.,.,.,.,.,.,.,.,.,,,
10,0,69700,750,324000000,.,,,.,48000000,70000,,,,,,,,,,,,,,,,,,,,,,,,,,,,,,,,,,,,,,,,,,,,,,,,,,,,,,,,
10,1,69400,750,331000000,.,,,.,46000000,66000,,,,,,,,,,,,,,,,,,,,,,,,,,,,,,,,,,,,,,,,,,,,,,,,,,,,,,,,
10,2,69300,750,327000000,.,,,.,46000000,69000,,,,,,,,,,,,,,,,,,,,,,,,,,,,,,,,,,,,,,,,,,,,,,,,,,,,,,,,
10,3,69200,750,341000000,.,,,.,52000000,73000,,,,,,,,,,,,,,,,,,,,,,,,,,,,,,,,,,,,,,,,,,,,,,,,,,,,,,,,
10,4,69100,750,367000000,.,,,.,61000000,80000,,,,,,,,,,,,,,,,,,,,,,,,,,,,,,,,,,,,,,,,,,,,,,,,,,,,,,,,
10,5,68900,750,362000000,.,,,.,57000000,79000,,,,,,,,,,,,,,,,,,,,,,,,,,,,,,,,,,,,,,,,,,,,,,,,,,,,,,,,
10,6,68700,750,388000000,.,,,.,72000000,84000,,,,,,,,,,,,,,,,,,,,,,,,,,,,,,,,,,,,,,,,,,,,,,,,,,,,,,,,
10,7,68400,750,419000000,.,92,901,.,74000000,81000,356000,355000,71500,10000,56000,24000,.,1.18,.,.,74,.,.,69400,500,10800,.,.,400,72,180,91,2046,751,287,123,300,257,.,.,.,.,64,.,.,.,199,6310,.,.,.,.,.,17.7,2.6,15,20.3,672.7,189.6,68,50.1,40,6.4,17.2,4.7,4.4
10,8,68200,750,459000000,.,96,920,.,82000000,81000,387000,386000,65900,15000,55000,26000,.,1.19,.,.,82,.,.,66600,400,13800,.,.,300,80,173,137,3783,879,147,104,220,284,.,.,.,.,103,.,.,.,304,7211,.,.,.,.,20.33,17.7,2.4,15.4,20.1,745.5,186.8,69.2,50.5,41.6,5.1,15.7,3.8,3.6
10,9,67900,750,489000000,.,106,989,.,86000000,75000,533000,532000,60500,14000,48000,27000,.,1.1,.,.,86,.,.,62900,400,11600,.,.,100,51,165,127,4469,966,178,124,172,270,.,.,.,.,97,.,.,.,291,4354,.,.,.,.,.,17.9,2.7,15.2,20.6,661.5,233.6,71.8,54.9,45.5,6.6,29.6,4.9,4.7
10,10,67800,750,475000000,.,110,1036,.,96000000,77000,519000,518000,62300,14200,49000,28000,.,1.14,.,.,96,.,.,64800,500,10700,.,.,500,107,163,129,3323,898,227,107,182,389,.,.,.,.,112,.,.,.,296,4601,.,.,.,.,.,20.3,2.8,17.6,23.1,738.5,246.7,73.4,56.5,47.3,6.6,19.5,5,4.7
10,11,67700,750,477000000,.,114,1062,.,98000000,76000,342000,341000,61700,13900,48000,28000,.,1.12,.,.,98,.,.,62900,600,11500,.,.,600,95,187,147,3680,1011,341,135,185,478,.,.,.,.,104,.,.,.,320,4622,.,.,.,.,.,20.2,2.7,17.6,22.9,753.8,296.6,73.5,58.9,48.9,6.7,19.1,5,4.7
10,12,.,750,497000000,.,.,.,.,.,.,.,.,.,,.,.,.,.,.,.,.,.,.,.,.,.,.,.,.,.,.,.,.,.,.,.,.,.,.,.,.,.,.,.,.,.,.,.,.,.,.,.,.,.,.,.,.,.,.,.,.,.,.,.,.,.
11,0,84000,811,66000000,.,,,,2700000,4800,,,,,,,,,,,,,,,,,,,,,,,,,,,,,,,,,,,,,,,,,,,,,,,,,,,,,,,,
11,1,85600,811,63000000,.,,,,3200000,4600,,,,,,,,,,,,,,,,,,,,,,,,,,,,,,,,,,,,,,,,,,,,,,,,,,,,,,,,
11,2,87100,811,72000000,.,,,,.,4900,,,,,,,,,,,,,,,,,,,,,,,,,,,,,,,,,,,,,,,,,,,,,,,,,,,,,,,,
11,3,88800,811,91000000,.,,,,.,4900,,,,,,,,,,,,,,,,,,,,,,,,,,,,,,,,,,,,,,,,,,,,,,,,,,,,,,,,
11,4,90400,811,101000000,.,,,,.,3400,,,,,,,,,,,,,,,,,,,,,,,,,,,,,,,,,,,,,,,,,,,,,,,,,,,,,,,,
11,5,92000,811,105000000,.,,,,3100000,4100,,,,,,,,,,,,,,,,,,,,,,,,,,,,,,,,,,,,,,,,,,,,,,,,,,,,,,,,
11,6,93500,811,104000000,.,,,,2300000,4400,,,,,,,,,,,,,,,,,,,,,,,,,,,,,,,,,,,,,,,,,,,,,,,,,,,,,,,,
11,7,95000,811,124000000,.,.,.,4000000,4000000,4700,27600,27600,3400,1400,4700,27600,.,0.05,.,.,.,.,.,1100,3100,300,.,.,200,908,.,.,59,33,.,7,.,11,.,.,.,.,.,.,.,.,.,157,.,.,.,.,.,.,.,.,.,44,.,.,.,.,.,.,.,.
11,8,96500,811,131000000,.,.,.,2900000,2900000,3900,.,.,2700,1200,3900,.,.,0.04,.,.,.,.,.,900,2500,300,.,.,200,868,.,.,71,40,.,10,.,3,.,.,.,.,.,.,.,.,.,129,.,.,.,.,.,.,.,.,.,22.8,.,.,.,.,.,.,.,.
11,9,98000,811,120000000,.,.,.,2700000,2700000,3900,.,.,2200,1700,3900,.,.,0.04,.,.,.,.,.,700,2700,400,.,.,100,934,.,.,120,50,.,11,.,15,.,.,.,.,.,.,.,.,.,135,.,.,.,.,.,.,.,.,.,24.8,.,.,.,.,.,.,.,.
11,10,99500,811,142000000,.,.,.,.,.,4700,.,.,.,.,4700,.,.,0.05,.,.,.,.,.,800,3200,400,.,.,300,913,.,.,72,55,.,14,.,17,.,.,.,.,.,.,.,.,.,153,.,.,.,.,.,.,.,.,.,.,.,.,.,.,.,.,.,.
11,11,101100,811,164000000,.,.,.,.,.,5300,.,.,.,.,5300,.,.,0.05,.,.,.,.,.,1100,2900,400,.,.,900,809,.,.,43,69,.,.,.,.,.,.,.,.,.,.,.,.,.,226,.,.,.,.,.,.,.,.,.,.,.,.,.,.,.,.,.,.
11,12,.,811,173000000,.,.,.,.,.,.,.,.,.,.,.,.,.,.,.,.,.,.,.,.,.,.,.,.,.,.,.,.,.,.,.,.,.,.,.,.,.,.,.,.,.,.,.,.,.,.,.,.,.,.,.,.,.,.,.,.,.,.,.,.,.,.
12,0,273200,298,801000000,5970,,,,321000000,467000,,,,,,,,,,,,,,,,,,,,,,,,,,,,,,,,,,,,,,,,,,,,,,,,,,,,,,,,
12,1,277800,298,767000000,3286,,,,327000000,461000,,,,,,,,,,,,,,,,,,,,,,,,,,,,,,,,,,,,,,,,,,,,,,,,,,,,,,,,
12,2,282300,298,828000000,3417,,,,337000000,485000,,,,,,,,,,,,,,,,,,,,,,,,,,,,,,,,,,,,,,,,,,,,,,,,,,,,,,,,
12,3,286700,298,968000000,3520,,,,402000000,564000,,,,,,,,,,,,,,,,,,,,,,,,,,,,,,,,,,,,,,,,,,,,,,,,,,,,,,,,
12,4,291000,298,1076000000,4224,,,,471000000,617000,,,,,,,,,,,,,,,,,,,,,,,,,,,,,,,,,,,,,,,,,,,,,,,,,,,,,,,,
12,5,295200,298,992000000,4520,,,,826000000,395000,,,,,,,,,,,,,,,,,,,,,,,,,,,,,,,,,,,,,,,,,,,,,,,,,,,,,,,,
12,6,299400,298,1303000000,5108,,,,1235000000,602000,,,,,,,,,,,,,,,,,,,,,,,,,,,,,,,,,,,,,,,,,,,,,,,,,,,,,,,,
12,7,303500,298,1542000000,5006,260,11094,1331000000,1331000000,676000,6000,6000,676000,.,676000,.,.,2.23,.,.,1331,.,5000,14000,125000,495000,6000,30000,.,9406,3552,13673,45301,.,35976,117246,6479,26183,17327,807,.,41,8798,4456,3293,31845,2149,125158,17,.,82.76,8.51,73.09,103.2,11.6,91.5,114.8,887.3,586.4,95.5,82.1,78.5,11.5,44.6,9.1,8
12,8,307600,298,1892000000,5006,274,11732,1392000000,1392000000,683000,2000,2000,683000,.,683000,.,.,2.22,.,.,1392,.,6000,14000,127000,498000,9000,29000,.,9368,3368,13462,48100,.,41511,103673,5595,26983,16663,1394,.,48,8217,4956,3732,48978,3542,116821,4,.,77.83,7.97,76.27,96.2,14.4,81.8,110.5,669.2,420.1,94.6,77.2,75.8,12.6,48.6,10,8.9
12,9,311700,298,1942000000,4971,279,12489,1366000000,1366000000,656000,3000,3000,656000,.,656000,.,.,2.1,.,.,1366,.,5000,15000,138000,462000,10000,26000,.,7392,3437,13274,50373,.,60666,89292,5355,26783,15850,1580,.,47,7279,5214,2975,40014,3165,105950,5,.,70.22,8.56,80.12,99.1,15.3,83.8,114.4,647.4,808.1,95.1,85.1,83.5,19.5,52.7,14.2,12.5
12,10,315900,298,2134000000,.,296,12851,1713000000,1713000000,792000,1000,1000,792000,.,792000,.,.,2.51,.,.,1713,.,6000,19000,214000,505000,12000,36000,.,9622,4386,14944,54789,.,118961,89621,5682,27766,25756,1699,.,50,8912,5332,3157,49111,3638,14158,5,.,73.8,7.4,81.36,117.5,17.3,100.2,134.8,679.8,867.3,94.6,85.3,84.5,20.3,55.9,14.9,13.2
12,11,320100,298,2042000000,.,315,13178,1868000000,1868000000,931000,.,.,931000,.,931000,.,.,2.91,.,.,1868,.,6000,24000,303000,538000,14000,46000,.,12778,5738,16655,59694,.,198655,83328,5693,32504,30978,2292,.,81,8861,7990,3684,63936,4896,104508,7,.,73.1,7,84.03,136,18.6,117.4,154.7,729.7,539.3,94.3,80.3,79.2,14.8,47.4,11.3,10.2
12,12,.,298,220900000,.,.,.,.,.,.,.,.,.,.,.,.,.,.,.,.,.,.,.,.,.,.,.,.,.,.,.,.,.,.,.,.,.,.,.,.,.,.,.,.,.,.,.,.,.,.,.,.,.,.,.,.,.,.,.,.,.,.,.,.,.,.
13,0,381400,316,3963000000,15394,,,,731000000,1216000,,,,,,,,,,,,,,,,,,,,,,,,,,,,,,,,,,,,,,,,,,,,,,,,,,,,,,,,
13,1,393000,316,3919000000,15056,,,,704000000,1180000,,,,,,,,,,,,,,,,,,,,,,,,,,,,,,,,,,,,,,,,,,,,,,,,,,,,,,,,
13,2,396000,316,4303000000,14594,,,,757000000,1134000,,,,,,,,,,,,,,,,,,,,,,,,,,,,,,,,,,,,,,,,,,,,,,,,,,,,,,,,
13,3,398600,316,5126000000,14390,,,,869000000,1127000,,,,,,,,,,,,,,,,,,,,,,,,,,,,,,,,,,,,,,,,,,,,,,,,,,,,,,,,
13,4,401300,316,5648000000,14356,,,,949000000,1156000,,,,,,,,,,,,,,,,,,,,,,,,,,,,,,,,,,,,,,,,,,,,,,,,,,,,,,,,
13,5,403900,316,5989000000,14768,,,,924000000,1171000,,,,,,,,,,,,,,,,,,,,,,,,,,,,,,,,,,,,,,,,,,,,,,,,,,,,,,,,
13,6,406400,316,6388000000,15359,,,,966000000,1124000,,,,,,,,,,,,,,,,,,,,,,,,,,,,,,,,,,,,,,,,,,,,,,,,,,,,,,,,
13,7,409000,316,7513000000,16895,160,17792,1185000000,1185000000,1244000,488000,488000,1145000,99000,1224000,20000,.,3.04,.,.,965,220,.,20000,.,1143000,9000,.,71000,.,26456,20384,75149,130049,.,113651,34783,22023,.,.,.,.,37428,.,.,22909,31545,482404,.,.,59.9,.,97.75,15.8,3.8,12,19.6,417.3,32.4,34.7,16.8,11.1,5.7,12.9,4,2.6
13,8,412000,316,8601000000,17334,155,17765,1336000000,1336000000,1291000,556000,556000,1178000,112000,1270000,21000,.,3.13,.,.,1082,254,.,18000,.,1195000,9000,.,68000,.,29619,19825,81152,150793,.,144456,36920,21994,.,.,.,.,49497,.,.,23412,32409,454356,.,.,57.7,6.5,94.37,15.6,4.2,11.4,19.8,370.1,36.5,30.5,16.6,10.6,6.6,13.3,4.4,2.8
13,9,414000,316,8118000000,18362,158,18243,1117000000,1117000000,1182000,440000,440000,1073000,109000,1166000,16000,.,2.86,.,.,899,218,.,14000,.,1089000,14000,.,65000,.,23746,21217,71931,127374,.,161736,33418,21039,.,.,.,.,45298,.,.,17239,29347,398472,.,.,47.7,6.2,94.51,13.8,4.5,9.3,18.4,306,39.1,28,16.3,10,8.4,13.9,5.2,3.3
13,10,416000,316,8382000000,16828,153,17968,1257000000,1257000000,1336000,491000,491000,1219000,117000,1308000,28000,.,3.24,.,.,1066,191,.,16000,.,1219000,16000,.,84000,.,24296,19900,86532,126190,.,217727,33426,21520,.,.,.,.,67808,.,.,22727,37121,415190,.,.,53.8,5.9,94.78,15.3,5,10.3,20.3,305.1,35.4,28.1,15.7,10.6,8.3,14.1,5.2,3.5
13,11,415700,316,9123000000,14891,149,17723,1480000000,1480000000,1412000,557000,557000,1296000,116000,1375000,37000,.,3.37,.,.,1275,205,.,16000,.,1298000,6000,.,91000,.,31713,19638,103688,134585,.,199830,39074,25180,.,.,.,.,63112,.,.,23811,40019,439717,.,.,56.11,5.7,91.47,16.4,5,11.4,21.4,327.4,34.9,29.8,16.1,11.6,8.1,14.6,5.2,3.7
13,12,.,316,8689000000,14248,.,.,.,.,.,.,.,.,.,.,.,.,.,.,.,.,.,.,.,.,.,.,.,.,.,.,.,.,.,.,.,.,.,.,.,.,.,.,.,.,.,.,.,.,.,.,.,.,.,.,.,.,.,.,.,.,.,.,.,.,.
14,0,52100,181,.,2324,,,.,3000000,5000,.,.,,,,,,,,,,,,,,,,,,,,,,,,,,,,,,,,,,,,,,,,,,,,,,,,,,,,,,
14,1,52100,181,.,2744,,,.,3100000,5000,.,.,,,,,,,,,,,,,,,,,,,,,,,,,,,,,,,,,,,,,,,,,,,,,,,,,,,,,,
14,2,52100,181,.,3876,,,.,3400000,6000,.,.,,,,,,,,,,,,,,,,,,,,,,,,,,,,,,,,,,,,,,,,,,,,,,,,,,,,,,
14,3,52000,181,.,3911,,,.,4000000,7000,.,.,,,,,,,,,,,,,,,,,,,,,,,,,,,,,,,,,,,,,,,,,,,,,,,,,,,,,,
14,4,52000,181,.,3683,,,.,5000000,9000,.,.,,,,,,,,,,,,,,,,,,,,,,,,,,,,,,,,,,,,,,,,,,,,,,,,,,,,,,
14,5,52000,181,.,3083,,,.,5700000,9000,.,.,,,,,,,,,,,,,,,,,,,,,,,,,,,,,,,,,,,,,,,,,,,,,,,,,,,,,,
14,6,52200,181,.,3573,,,.,6600000,6000,.,.,,,,,,,,,,,,,,,,,,,,,,,,,,,,,,,,,,,,,,,,,,,,,,,,,,,,,,
14,7,52500,181,.,3508,.,.,4500000,4500000,7000,.,.,4900,2300,7200,.,.,0.14,.,.,.,.,.,1700,4400,300,.,.,800,365,.,.,.,38,181,.,.,.,.,.,.,.,.,.,.,.,.,41,.,.,.,.,.,.,.,.,.,.,.,.,.,.,.,.,.,.
14,8,52900,181,.,3510,.,.,3000000,3000000,6000,.,.,3900,2100,6000,.,.,0.11,.,.,.,.,.,1500,3700,200,.,.,700,203,.,.,.,35,93,.,.,.,.,.,.,.,.,.,.,.,.,28,.,.,.,.,.,.,.,.,.,.,.,.,.,.,.,.,.,.
14,9,53400,181,.,3480,.,.,3500000,3500000,5000,.,.,3200,2100,4900,500,.,0.1,.,.,.,.,.,1300,3300,200,.,.,600,216,.,.,.,31,129,.,.,.,.,.,.,.,.,.,.,.,.,20,.,.,.,.,.,.,.,.,.,.,.,.,.,.,.,.,.,.
14,10,54000,181,163000000,.,.,.,3300000,3300000,5000,.,.,2300,2300,4600,.,.,0.09,.,.,.,.,.,1300,2900,200,.,.,200,202,.,.,.,39,105,.,.,.,.,.,.,.,.,.,.,.,.,53,.,.,.,.,.,.,.,.,.,.,.,.,.,.,.,.,.,.
14,11,54800,181,171000000,.,.,.,.,.,5000,.,.,2500,2100,4600,.,.,0.08,.,.,.,.,.,1300,2900,100,.,.,300,245,.,.,.,18,126,.,.,.,.,.,.,.,.,.,.,.,.,63,.,.,.,.,.,.,.,.,.,.,.,.,.,.,.,.,.,.
14,12,.,181,182000000,.,.,.,.,.,,.,.,.,,.,.,.,.,.,.,.,.,.,.,.,.,.,.,.,.,.,.,.,.,.,.,.,.,.,.,.,.,.,.,.,.,.,.,.,.,.,.,.,.,.,.,.,.,.,.,.,.,.,.,.,.
15,0,107100,3185,.,.,.,.,.,17000000,21000,.,.,.,.,.,.,.,.,.,.,.,.,.,.,.,.,.,.,.,,.,.,.,.,,.,.,.,.,.,.,.,.,.,.,.,.,.,.,.,.,.,.,.,.,.,.,.,.,.,.,.,.,.,.,.
15,1,107300,3185,.,.,.,.,.,15000000,15000,.,.,.,.,.,.,.,.,.,.,.,.,.,.,.,.,.,.,.,,.,.,.,.,,.,.,.,.,.,.,.,.,.,.,.,.,.,.,.,.,.,.,.,.,.,.,.,.,.,.,.,.,.,.,.
15,2,107700,3185,.,.,.,.,.,17000000,19000,.,.,.,.,.,.,.,.,.,.,.,.,.,.,.,.,.,.,.,,.,.,.,.,,.,.,.,.,.,.,.,.,.,.,.,.,.,.,.,.,.,.,.,.,.,.,.,.,.,.,.,.,.,.,.
15,3,108300,3185,.,.,.,.,.,17000000,18000,.,.,.,.,.,.,.,.,.,.,.,.,.,.,.,.,.,.,.,,.,.,.,.,,.,.,.,.,.,.,.,.,.,.,.,.,.,.,.,.,.,.,.,.,.,.,.,.,.,.,.,.,.,.,.
15,4,108900,3185,.,.,.,.,.,17000000,19000,.,.,.,.,.,.,.,.,.,.,.,.,.,.,.,.,.,.,.,,.,.,.,.,,.,.,.,.,.,.,.,.,.,.,.,.,.,.,.,.,.,.,.,.,.,.,.,.,.,.,.,.,.,.,.
15,5,109400,3185,.,.,.,.,.,17000000,19000,.,.,.,.,.,.,.,.,.,.,.,.,.,.,.,.,.,.,.,,.,.,.,.,,.,.,.,.,.,.,.,.,.,.,.,.,.,.,.,.,.,.,.,.,.,.,.,.,.,.,.,.,.,.,.
15,6,109800,3185,.,.,.,.,.,19000000,19000,.,.,.,.,.,.,.,.,.,.,.,.,.,.,.,.,.,.,.,,.,.,.,.,,.,.,.,.,.,.,.,.,.,.,.,.,.,.,.,.,.,.,.,.,.,.,.,.,.,.,.,.,.,.,.
15,7,110100,3185,.,.,.,.,20000000,20000000,21000,.,.,15600,5500,.,.,.,0.19,.,.,.,.,.,8500,10100,2500,.,.,100,1253,.,.,.,.,451,.,.,.,.,.,.,.,.,.,.,.,.,.,.,.,.,.,.,.,.,.,.,.,.,.,.,.,.,.,.,.
15,8,110400,3185,.,.,.,.,22000000,22000000,26000,.,.,20500,5100,.,.,.,0.23,.,.,.,.,.,9200,13400,2800,.,.,200,2593,.,.,.,.,1974,.,.,.,.,.,.,.,.,.,.,.,.,.,.,.,.,.,.,.,.,.,.,.,.,.,.,.,.,.,.,.
15,9,110700,3185,.,.,.,.,24000000,24000000,.,.,.,.,.,.,.,.,.,.,.,.,.,.,.,.,.,.,.,.,.,.,.,.,.,.,.,.,.,.,.,.,.,.,.,.,.,.,.,.,.,.,.,.,.,.,.,.,.,.,.,.,.,.,.,.,.
15,10,111100,3185,294000000,.,.,.,25000000,25000000,.,.,.,.,.,.,.,.,.,.,.,.,.,.,.,.,.,.,.,.,.,.,.,.,.,.,.,.,.,.,.,.,.,.,.,.,.,.,.,.,.,.,.,.,.,.,.,.,.,.,.,.,.,.,.,.,.
15,11,111500,3185,310000000,.,.,.,.,.,.,.,.,.,.,.,.,.,.,.,.,.,.,.,.,.,.,.,.,.,.,.,.,.,.,.,.,.,.,.,.,.,.,.,.,.,.,.,.,.,.,.,.,.,.,.,.,.,.,.,.,.,.,.,.,.,.
15,12,.,3185,327000000,.,.,.,.,.,,.,.,.,.,.,.,.,.,.,.,.,.,.,.,.,.,.,.,.,.,.,.,.,.,.,.,.,.,.,.,.,.,.,.,.,.,.,.,.,.,.,.,.,.,.,.,.,.,.,.,.,.,.,.,.,.
16,0,176500,2831,215000000,10877,.,.,.,41000000,88000,.,.,.,.,.,.,.,.,.,.,.,.,.,.,.,.,.,.,.,.,.,.,.,.,.,.,.,.,.,.,.,.,.,.,.,.,.,.,.,.,.,.,.,.,.,.,.,.,.,.,.,.,.,.,.,.
16,1,177600,2831,226000000,11802,.,.,.,39000000,88000,.,.,.,.,.,.,.,.,.,.,.,.,.,.,.,.,.,.,.,.,.,.,.,.,.,.,.,.,.,.,.,.,.,.,.,.,.,.,.,.,.,.,.,.,.,.,.,.,.,.,.,.,.,.,.,.
16,2,178500,2831,267000000,12317,.,.,.,45000000,89000,.,.,.,.,.,.,.,.,.,.,.,.,.,.,.,.,.,.,.,.,.,.,.,.,.,.,.,.,.,.,.,.,.,.,.,.,.,.,.,.,.,.,.,.,.,.,.,.,.,.,.,.,.,.,.,.
16,3,179100,2831,331000000,9010,.,.,.,54000000,92000,.,.,.,.,.,.,.,.,.,.,.,.,.,.,.,.,.,.,.,.,.,.,.,.,.,.,.,.,.,.,.,.,.,.,.,.,.,.,.,.,.,.,.,.,.,.,.,.,.,.,.,.,.,.,.,.
16,4,179700,2831,378000000,10691,.,.,.,70000000,98000,.,.,.,.,.,.,.,.,.,.,.,.,.,.,.,.,.,.,.,.,.,.,.,.,.,.,.,.,.,.,.,.,.,.,.,.,.,.,.,.,.,.,.,.,.,.,.,.,.,.,.,.,.,.,.,.
16,5,180200,2831,407000000,11439,.,.,.,79800000,102000,.,.,.,.,.,.,.,.,.,.,.,.,.,.,.,.,.,.,.,.,.,.,.,.,.,.,.,.,.,.,.,.,.,.,.,.,.,.,.,.,.,.,.,.,.,.,.,.,.,.,.,.,.,.,.,.
16,6,180800,2831,454000000,12752,.,.,.,91400000,110000,.,.,.,.,.,.,.,.,.,.,.,.,.,.,.,.,.,.,.,.,.,.,.,.,.,.,.,.,.,.,.,.,.,.,.,.,.,.,.,.,.,.,.,.,.,.,.,.,.,.,.,.,.,.,.,.
16,7,181300,2831,520000000,12658,66,1166,102400000,102400000,117000,5000,.,110000,12000,118000,4000,.,0.65,.,.,102,0.4,.,8000,109000,4000,.,.,300,22105,.,.,.,1095,822,.,.,.,.,.,.,.,.,.,.,.,.,1525,.,.,.,.,13.93,.,.,.,.,517.2,737.2,61,56.3,33.1,8.7,27.9,6.6,6.3
16,8,181800,2831,502000000,12699,67,1352,111600000,111600000,118000,4000,.,112000,10000,118000,4000,.,0.65,.,.,111,0.6,.,9000,107000,5000,.,.,600,22643,.,.,.,1185,720,.,.,.,.,.,.,.,.,.,.,.,.,1707,.,.,.,.,16.86,.,.,.,.,516.7,991.1,6.1,62,33.8,8.7,29,6.7,6.3
16,9,182400,2831,572000000,12492,82,1410,115200000,115200000,122000,7000,.,118000,11000,127000,2000,.,0.67,.,.,115,0.2,.,10000,113000,6000,.,.,500,24507,.,.,.,1450,1193,.,.,.,.,.,.,.,.,.,.,.,.,1719,.,.,.,.,17.54,.,.,.,.,576,1036.9,70.9,66.4,36.2,9.6,24.1,6.9,6.5
16,10,183000,2831,622000000,.,95,1512,123700000,123700000,122000,8000,.,118000,12000,127000,3000,.,0.67,.,.,123,0.7,.,9000,115000,5000,.,.,400,23415,.,.,.,1089,1356,.,.,.,.,.,.,.,.,.,.,.,.,1306,.,.,.,.,23.59,.,.,.,.,490.9,998.4,68,63.6,36.2,9,27.5,6.8,6.5
16,11,183900,2831,643000000,.,.,.,134900000,134900000,121000,7000,.,117000,11000,125000,3000,.,0.66,.,.,134,0.9,.,8000,115000,4000,.,.,900,25197,.,.,.,1151,1512,.,.,.,.,.,.,.,.,.,.,.,.,1163,.,.,.,.,.,.,.,.,.,654.9,1186.5,72.3,68.2,36.9,6.5,27,5.2,5
16,12,.,2831,683000000,.,.,.,.,,.,.,.,.,.,.,.,.,.,.,.,.,.,.,.,.,.,.,.,.,.,.,.,.,.,.,.,.,.,.,.,.,.,.,.,.,.,.,.,.,.,.,.,.,.,.,.,.,.,.,.,.,.,.,.,.,.
17,0,141000,1001,77000000,1135,.,.,.,9900000,7000,.,.,.,.,.,.,.,.,.,.,.,.,.,.,.,.,.,.,.,,.,.,.,,,,,,,,,,,,,,,,,.,.,.,.,.,.,.,.,.,.,.,.,.,.,.,.,.
17,1,143400,1001,77000000,1135,.,.,.,6200000,8000,.,.,.,.,.,.,.,.,.,.,.,.,.,.,.,.,.,.,.,,.,.,.,,,,,,,,,,,,,,,,,.,.,.,.,.,.,.,.,.,.,.,.,.,.,.,.,.
17,2,145800,1001,85000000,1128,.,.,.,6900000,9000,.,.,.,.,.,.,.,.,.,.,.,.,.,.,.,.,.,.,.,,.,.,.,,,,,,,,,,,,,,,,,.,.,.,.,.,.,.,.,.,.,.,.,.,.,.,.,.
17,3,148000,1001,101000000,1170,.,.,.,7400000,10000,.,.,.,.,.,.,.,.,.,.,.,.,.,.,.,.,.,.,.,,.,.,.,,,,,,,,,,,,,,,,,.,.,.,.,.,.,.,.,.,.,.,.,.,.,.,.,.
17,4,150300,1001,111000000,1267,.,.,.,7700000,11000,.,.,.,.,.,.,.,.,.,.,.,.,.,.,.,.,.,.,.,,.,.,.,,,,,,,,,,,,,,,,,.,.,.,.,.,.,.,.,.,.,.,.,.,.,.,.,.
17,5,152600,1001,123000000,1310,.,.,.,7300000,16000,.,.,.,.,.,.,.,.,.,.,.,.,.,.,.,.,.,.,.,,.,.,.,,,,,,,,,,,,,,,,,.,.,.,.,.,.,.,.,.,.,.,.,.,.,.,.,.
17,6,155000,1001,135000000,1337,.,.,.,6700000,12000,.,.,.,.,.,.,.,.,.,.,.,.,.,.,.,.,.,.,.,,.,.,.,,,,,,,,,,,,,,,,,.,.,.,.,.,.,.,.,.,.,.,.,.,.,.,.,.
17,7,157400,1001,144000000,1426,.,.,5000000,5000000,12000,.,.,10800,1000,11000,800,.,0.07,3,2,5,.,2200,300,.,4000,.,.,5300,,.,.,.,,,,,,,,,,,,,,,,,.,.,.,.,.,.,.,.,714.3,73.4,74.6,37,18.7,1.1,3.7,0.8,0.7
17,8,160000,1001,183000000,1142,.,.,7700000,7700000,14000,.,.,13900,600,14200,300,.,0.09,4.6,3.1,7.7,.,2500,400,.,6400,.,.,5200,,.,.,.,,,,,,,,,,,,,,,,,.,.,.,.,.,.,.,.,2483.9,98.3,79.5,44,27.3,0.3,1.4,0.3,0.3
17,9,162500,1001,196000000,1143,23,479,8300000,8300000,15000,.,.,14800,400,13700,1500,.,0.09,5,3.3,8.3,.,.,.,.,.,.,.,.,,.,.,.,,,,,,,,,,,,,,,,,.,.,7,3.75,.,.,.,.,2024.4,90.1,79.7,442.3,25.5,0.5,2.2,0.4,0.4
17,10,165400,1001,201000000,.,.,.,11100000,11100000,8000,.,.,7000,1000,7700,300,.,0.05,7.7,3.4,11.1,.,2100,500,.,5100,.,.,200,,.,.,.,,,,,,,,,,,,,,,,,.,.,.,.,.,.,.,.,2018.2,101.6,83,45.7,26.7,0.6,2.3,0.5,0.4
17,11,168500,1001,248000000,.,.,.,15900000,15900000,.,.,.,.,.,.,.,.,.,12.2,3.7,15.9,.,.,.,.,.,.,.,.,,.,.,.,,,,,,,,,,,,,,,,,.,.,.,.,.,.,.,.,1177.8,145.3,86.4,54.2,34.7,1.2,4.3,0.9,0.9
17,12,.,1001,264000000,.,.,.,.,.,.,.,.,.,.,.,.,,.,.,.,.,.,.,.,.,.,.,.,.,,,,,,,,,,,,,,,,,,,,,.,.,.,.,.,.,.,.,.,.,.,.,.,.,.,.,.
18,0,44300,261,416000000,.,.,.,.,58000000,73000,.,.,.,.,.,.,.,,.,.,.,.,.,.,.,.,.,.,.,.,.,.,.,.,.,.,.,.,.,.,.,.,.,.,.,.,.,.,.,.,.,.,.,.,.,.,.,.,.,.,.,.,.,.,.,.
18,1,46100,261,455000000,.,.,.,.,62000000,71000,.,.,.,.,.,.,.,,.,.,.,.,.,.,.,.,.,.,.,.,.,.,.,.,.,.,.,.,.,.,.,.,.,.,.,.,.,.,.,.,.,.,.,.,.,.,.,.,.,.,.,.,.,.,.,.
18,2,46700,261,478000000,.,.,.,.,57000000,69000,.,.,.,.,.,.,.,,.,.,.,.,.,.,.,.,.,.,.,.,.,.,.,.,.,.,.,.,.,.,.,.,.,.,.,.,.,.,.,.,.,.,.,.,.,.,.,.,.,.,.,.,.,.,.,.
18,3,46700,261,461000000,.,.,.,.,75000000,91000,.,.,.,.,.,.,.,,.,.,.,.,.,.,.,.,.,.,.,.,.,.,.,.,.,.,.,.,.,.,.,.,.,.,.,.,.,.,.,.,.,.,.,.,.,.,.,.,.,.,.,.,.,.,.,.
18,4,48500,261,498000000,.,.,.,.,103000000,118000,.,.,.,.,.,.,.,,.,.,.,.,.,.,.,.,.,.,.,.,.,.,.,.,.,.,.,.,.,.,.,.,.,.,.,.,.,.,.,.,.,.,.,.,.,.,.,.,.,.,.,.,.,.,.,.
18,5,49200,261,536000000,.,.,.,.,121000000,141000,.,.,.,.,.,.,.,,.,.,.,.,.,.,.,.,.,.,.,.,.,.,.,.,.,.,.,.,.,.,.,.,.,.,.,.,.,.,.,.,.,.,.,.,.,.,.,.,.,.,.,.,.,.,.,.
18,6,49800,261,630000000,.,.,.,.,132000000,139000,.,.,.,.,.,.,.,,.,.,.,.,.,.,.,.,.,.,.,.,.,.,.,.,.,.,.,.,.,.,.,.,.,.,.,.,.,.,.,.,.,.,.,.,.,.,.,.,.,.,.,.,.,.,.,.
18,7,50500,261,689000000,.,.,.,125000000,125000000,123000,256000,251000,.,.,128000,251000,.,2.44,.,.,125,.,.,106000,.,12000,.,.,5000,.,.,.,.,.,.,.,.,.,.,.,.,.,.,.,.,.,.,12162,.,.,.,.,.,18.1,1.7,16.4,19.9,1041.7,216.9,72.2,54.2,43.2,5,11.8,3.5,3.2
18,8,51100,261,740000000,.,.,.,110000000,110000000,128000,405000,401000,.,.,131000,402000,.,2.5,.,.,110,.,.,113000,.,10000,.,.,5000,.,.,.,.,.,.,.,.,.,.,.,.,.,.,.,.,.,.,9970,.,.,.,.,.,14.9,2,12.8,16.9,733.7,159.7,68.2,47.8,37.8,5.2,12.5,3.7,3.5
18,9,51800,261,689000000,.,.,.,83000000,83000000,93000,455000,451000,.,.,97000,451000,.,1.8,.,.,83,.,.,83000,.,6000,.,.,4000,.,.,.,.,.,.,.,.,.,.,.,.,.,.,.,.,.,.,6496,.,.,.,.,.,12.1,1.6,10.5,13.6,754.5,221.7,62.8,49,34.5,4.4,11.4,3.2,2.9
18,10,52400,261,673000000,.,.,.,90000000,90000000,92000,518000,515000,.,.,95000,515000,.,1.76,.,.,90,.,.,80000,.,8000,.,.,4000,.,.,.,.,.,.,.,.,.,.,.,.,.,.,.,.,.,.,7655,.,.,.,.,.,13.4,2.1,11.3,15.4,642.9,231.4,56.1,45.2,33.2,5.9,14.1,4.2,3.9
18,11,53000,261,718000000,.,.,.,93000000,93000000,.,.,.,.,.,.,.,.,.,.,.,93,.,.,.,.,.,.,.,.,.,.,.,.,.,.,.,.,.,.,.,.,.,.,.,.,.,.,.,.,.,.,.,.,13.3,2.2,11.2,15.5,620,171.3,53.5,40.8,29.9,6.9,15.5,4.8,4.4
18,12,.,261,734000000,.,.,.,.,.,.,.,.,.,.,.,.,.,.,.,.,.,.,.,.,.,.,.,.,.,.,.,.,.,.,.,.,.,.,.,.,.,.,.,.,.,.,.,.,.,.,.,.,.,.,.,.,.,.,.,.,.,.,.,.,.,.
19,0,156000,617,764000000,.,.,.,.,281000000,270000,.,.,.,.,.,.,.,,.,.,.,.,.,.,.,.,.,.,.,.,.,.,.,.,.,.,.,.,.,.,.,.,.,.,.,.,.,.,.,.,.,.,.,.,.,.,.,.,.,.,.,.,.,.,.,.
19,1,157900,617,708000000,.,.,.,.,233000000,250000,.,.,.,.,.,.,.,,.,.,.,.,.,.,.,.,.,.,.,.,.,.,.,.,.,.,.,.,.,.,.,.,.,.,.,.,.,.,.,.,.,.,.,.,.,.,.,.,.,.,.,.,.,.,.,.
19,2,159100,617,723000000,.,.,.,.,210000000,253000,.,.,.,.,.,.,.,,.,.,.,.,.,.,.,.,.,.,.,.,.,.,.,.,.,.,.,.,.,.,.,.,.,.,.,.,.,.,.,.,.,.,.,.,.,.,.,.,.,.,.,.,.,.,.,.
19,3,160600,617,781000000,.,.,.,.,282000000,277000,.,.,.,.,.,.,.,,.,.,.,.,.,.,.,.,.,.,.,.,.,.,.,.,.,.,.,.,.,.,.,.,.,.,.,.,.,.,.,.,.,.,.,.,.,.,.,.,.,.,.,.,.,.,.,.
19,4,162400,617,858000000,.,.,.,.,326000000,298000,.,.,.,.,.,.,.,,.,.,.,.,.,.,.,.,.,.,.,.,.,.,.,.,.,.,.,.,.,.,.,.,.,.,.,.,.,.,.,.,.,.,.,.,.,.,.,.,.,.,.,.,.,.,.,.
19,5,164300,617,909000000,.,.,.,.,382000000,318000,.,.,.,.,.,.,.,,.,.,.,.,.,.,.,.,.,.,.,.,.,.,.,.,.,.,.,.,.,.,.,.,.,.,.,.,.,.,.,.,.,.,.,.,.,.,.,.,.,.,.,.,.,.,.,.
19,6,166400,617,1018000000,.,.,.,.,294000000,303000,.,.,.,.,.,.,.,,.,.,.,.,.,.,.,.,.,.,.,.,.,.,.,.,.,.,.,.,.,.,.,.,.,.,.,.,.,.,.,.,.,.,.,.,.,.,.,.,.,.,.,.,.,.,.,.
19,7,168300,617,1132000000,.,.,4889,302000000,302000000,287000,618000,610000,277000,11000,.,.,.,1.7,.,.,302,.,.,192000,.,90000,.,.,5000,.,179,289,3642,1592,.,1020,459,323,.,.,.,.,265,.,.,.,602,79180,.,64.9,.,9.08,.,26.7,3.7,23,30.4,719,298.4,84.9,66.1,59.8,7.8,20.4,5.6,5.4
19,8,170300,617,1175000000,.,.,5396,311000000,311000000,296000,629000,620000,283000,13000,280000,16000,.,1.74,.,.,311,.,.,198000,.,94000,.,.,4000,.,209,239,4271,1823,.,1132,.,395,.,.,.,.,363,.,.,.,579,83693,.,61.6,.,8.9,.,26.5,3.8,22.6,30.3,691.1,180.3,85.5,58,53.5,7.4,20.9,5.5,5.3
19,9,172400,617,1174000000,.,.,4685,296000000,296000000,278000,704000,699000,263000,15000,261000,18000,.,1.62,.,.,296,.,.,190000,.,84000,.,.,4000,.,241,308,5356,2416,.,925,.,386,.,.,.,.,304,.,.,.,521,71853,.,53,.,9.2,.,25.2,4,21.2,29.2,629.8,154.7,83.9,54.4,50,10.3,24.7,7.3,6.9
19,10,174000,617,1200000000,.,.,4735,329000000,329000000,306000,678000,670000,292000,14000,290000,16000,.,1.76,.,.,329,.,.,217000,.,86000,.,.,3000,.,264,579,5822,4142,.,1134,400,636,.,.,.,.,331,.,.,.,719,67417,.,54.4,.,8.6,.,27.2,3.9,23.3,31.1,700,137.7,84.3,52.3,47.9,8.1,23.2,6,5.7
19,11,176000,617,1211000000,.,.,4845,317000000,317000000,312000,638000,630000,292000,20000,289000,23000,.,1.77,.,.,317,.,.,220000,.,92000,.,.,.,.,255,399,7428,3041,.,1239,320,851,.,.,.,.,366,.,.,.,699,73059,.,58,.,8.9,.,26,4,22,30,646.9,176.3,83.5,56.7,51.1,8,23.7,6,5.7
19,12,.,617,1220000000,.,.,.,.,.,.,.,.,.,.,.,.,.,.,.,.,.,.,.,.,.,.,.,.,.,.,.,.,.,.,.,.,.,.,.,.,.,.,.,.,.,.,.,.,.,.,.,.,.,.,.,.,.,.,.,.,.,.,.,.,.,.
20,0,40200,264,.,.,.,.,.,559000000,354000,.,.,.,.,.,.,.,.,.,.,.,.,.,.,.,.,.,.,.,.,.,.,.,.,.,.,.,.,.,.,.,.,.,.,.,.,.,.,.,.,.,.,.,.,.,.,.,.,.,.,.,.,.,.,.,.
20,1,42500,264,.,.,.,.,.,585000000,334000,.,.,.,.,.,.,.,.,.,.,.,.,.,.,.,.,.,.,.,.,.,.,.,.,.,.,.,.,.,.,.,.,.,.,.,.,.,.,.,.,.,.,.,.,.,.,.,.,.,.,.,.,.,.,.,.
20,2,45100,264,.,.,.,.,.,607000000,303000,.,.,.,.,.,.,.,.,.,.,.,.,.,.,.,.,.,.,.,.,.,.,.,.,.,.,.,.,.,.,.,.,.,.,.,.,.,.,.,.,.,.,.,.,.,.,.,.,.,.,.,.,.,.,.,.
20,3,47800,264,.,.,.,.,.,518000000,294000,.,.,.,.,.,.,.,.,.,.,.,.,.,.,.,.,.,.,.,.,.,.,.,.,.,.,.,.,.,.,.,.,.,.,.,.,.,.,.,.,.,.,.,.,.,.,.,.,.,.,.,.,.,.,.,.
20,4,50300,264,.,.,.,.,.,523000000,260000,.,.,.,.,.,.,.,.,.,.,.,.,.,.,.,.,.,.,.,.,.,.,.,.,.,.,.,.,.,.,.,.,.,.,.,.,.,.,.,.,.,.,.,.,.,.,.,.,.,.,.,.,.,.,.,.
20,5,52300,264,.,.,.,.,.,356000000,168000,.,.,.,.,.,.,.,.,.,.,.,.,.,.,.,.,.,.,.,.,.,.,.,.,.,.,.,.,.,.,.,.,.,.,.,.,.,.,.,.,.,.,.,.,.,.,.,.,.,.,.,.,.,.,.,.
20,6,53700,264,.,.,.,.,.,509000000,267000,.,.,.,.,.,.,.,.,.,.,.,.,.,.,.,.,.,.,.,.,.,.,.,.,.,.,.,.,.,.,.,.,.,.,.,.,.,.,.,.,.,.,.,.,.,.,.,.,.,.,.,.,.,.,.,.
20,7,54700,264,.,.,.,4484,475000000,475000000,292000,1716000,1716000,271000,21000,292000,1716000,7000,5.34,.,.,.,.,1000,268000,2000,20000,.,.,1000,810,153,241,516,871,56,715,485,539,141,9,.,1,308,63,428,93,255,14126,2000,61.8,.,4.7,.,.,.,.,.,236.3,.,.,.,.,.,.,.,.
20,8,55300,264,.,.,.,4332,520000000,520000000,303000,1553000,1553000,284000,19000,303000,1553000,9000,5.48,.,.,.,.,1000,279000,2000,21000,.,.,.,922,162,235,623,991,71,879,500,542,190,6,.,.,324,59,397,87,318,14277,.,62.2,.,4.5,.,.,.,.,.,264,.,.,.,.,.,.,.,.
20,9,55800,264,.,.,.,4563,535000000,535000000,272000,1520000,1520000,256000,16000,272000,1520000,8000,4.88,.,.,.,.,1000,250000,2000,19000,.,.,.,942,106,187,501,913,51,960,404,450,171,14,.,.,298,46,364,45,222,13100,1000,59,.,4.4,.,.,.,.,.,309.2,.,.,.,.,.,.,.,.
20,10,56200,264,.,.,.,4302,385000000,385000000,288000,1598000,1598000,272000,17000,288000,1598000,8000,5.12,.,.,.,.,1000,265000,2000,20000,.,.,.,1118,131,248,603,1106,47,935,440,491,157,13,.,.,870,66,487,81,299,12503,1000,68.2,.,4.4,.,.,.,.,.,205.9,.,.,.,.,.,.,.,.
20,11,56700,264,.,.,.,.,.,.,309000,1401000,1401000,291000,18000,309000,1401000,.,5.45,.,.,.,.,1000,285000,2000,21000,.,.,.,1069,155,245,639,1174,.,1104,490,546,149,14,1,.,1264,61,386,85,362,12534,1000,.,.,.,.,.,.,.,.,.,.,.,.,.,.,.,.,.
20,12,.,264,.,.,.,.,.,.,.,.,.,.,.,.,.,.,.,.,.,.,.,.,.,.,.,.,.,.,.,.,.,.,.,.,.,.,.,.,.,.,.,.,.,.,.,.,.,.,.,.,.,.,.,.,.,.,.,.,.,.,.,.,.,.,.
21,0,107900,389,397000000,.,.,.,.,82000000,73000,.,.,.,.,.,.,.,.,.,.,.,.,.,.,.,.,.,.,.,.,.,.,.,.,.,.,.,.,.,.,.,.,.,.,.,.,.,.,.,.,.,.,.,.,.,.,.,.,.,.,.,.,.,.,.,.
21,1,108000,389,431000000,.,.,.,.,89000000,71000,.,.,.,.,.,.,.,.,.,.,.,.,.,.,.,.,.,.,.,.,.,.,.,.,.,.,.,.,.,.,.,.,.,.,.,.,.,.,.,.,.,.,.,.,.,.,.,.,.,.,.,.,.,.,.,.
21,2,108200,389,463000000,.,.,.,.,91000000,78000,.,.,.,.,.,.,.,.,.,.,.,.,.,.,.,.,.,.,.,.,.,.,.,.,.,.,.,.,.,.,.,.,.,.,.,.,.,.,.,.,.,.,.,.,.,.,.,.,.,.,.,.,.,.,.,.
21,3,108400,389,482000000,.,.,.,.,91000000,79000,.,.,.,.,.,.,.,.,.,.,.,.,.,.,.,.,.,.,.,.,.,.,.,.,.,.,.,.,.,.,.,.,.,.,.,.,.,.,.,.,.,.,.,.,.,.,.,.,.,.,.,.,.,.,.,.
21,4,108600,389,523000000,.,.,.,.,96000000,87000,.,.,.,.,.,.,.,.,.,.,.,.,.,.,.,.,.,.,.,.,.,.,.,.,.,.,.,.,.,.,.,.,.,.,.,.,.,.,.,.,.,.,.,.,.,.,.,.,.,.,.,.,.,.,.,.
21,5,108800,389,551000000,.,.,.,.,104000000,96000,.,.,.,.,.,.,.,.,.,.,.,.,.,.,.,.,.,.,.,.,.,.,.,.,.,.,.,.,.,.,.,.,.,.,.,.,.,.,.,.,.,.,.,.,.,.,.,.,.,.,.,.,.,.,.,.
21,6,108900,389,611000000,.,.,.,.,113000000,97000,.,.,.,.,.,.,.,.,.,.,.,.,.,.,.,.,.,.,.,.,.,.,.,.,.,.,.,.,.,.,.,.,.,.,.,.,.,.,.,.,.,.,.,.,.,.,.,.,.,.,.,.,.,.,.,.
21,7,109100,389,685000000,.,.,2116,.,110000000,90000,238000,231000,75000,15000,96000,231000,.,0.83,.,.,110,.,.,65000,.,23000,.,.,2000,.,179,.,1973,736,.,1491,112,470,.,.,.,.,156,.,.,.,382,16742,.,.,.,.,.,16.1,2.9,13.1,19,550,214.2,68.4,51.8,42.1,6.9,17.5,5,4.6
21,8,109200,389,699000000,.,.,2475,.,96000000,84000,166000,160000,70000,14000,90000,16000,.,0.77,.,.,96,.,.,61000,.,22000,.,.,1000,.,222,.,1505,861,.,1650,123,385,.,.,.,.,245,.,.,.,460,15442,.,.,.,.,.,13.7,2.6,11.2,16.3,533.3,167.9,62.7,45.7,38.7,5.5,17.6,4.2,4
21,9,109300,389,672000000,.,.,.,.,88000000,75000,196000,190000,60000,15000,81000,190000,.,0.69,.,.,88,.,.,55000,.,19000,.,.,1000,.,151,.,1113,731,.,1429,67,365,.,.,.,.,162,.,.,.,354,13347,.,.,.,.,.,13.1,2.1,11,15.2,628.6,164.9,63.3,45.8,38,4.8,14.9,3.6,3.4
21,10,109300,389,681000000,.,.,.,.,86000000,72000,159000,153000,58000,14000,78000,153000,.,0.66,.,.,86,.,.,54000,.,17000,.,.,1000,.,141,.,994,824,.,1105,193,316,.,.,.,.,160,.,.,.,483,12136,.,.,.,.,38.8,12.7,2.2,10.5,15,573.3,191.1,62.1,46.8,38.4,5,16.4,3.9,3.6
21,11,109400,389,691000000,.,.,.,.,90000000,74000,134000,130000,60000,14000,78000,130000,.,0.68,.,.,90,.,.,52000,.,21000,.,.,1000,.,171,.,1051,744,.,1037,166,384,.,.,.,.,171,.,.,.,391,14895,.,.,.,.,45.34,13.1,2.2,10.9,15.3,600,209.2,62.8,48.3,39.6,5.1,16.3,3.9,3.6
21,12,.,389,712000000,.,.,.,.,.,.,.,.,.,.,.,.,.,.,.,.,.,.,.,.,.,.,.,.,.,.,.,.,.,.,.,.,.,.,.,.,.,.,.,.,.,.,.,.,.,.,.,.,.,.,.,.,.,.,.,.,.,.,.,.,.,.
22,0,97900,139,192000000,3814,.,.,.,7000000,35000,.,.,.,.,.,.,.,.,.,.,.,.,.,.,.,.,.,.,.,.,.,.,.,.,.,.,.,.,.,.,.,.,.,.,.,.,.,.,.,.,.,.,.,.,.,.,.,.,.,.,.,.,.,.,.,.
22,1,98500,139,182000000,4157,.,.,.,6800000,32000,.,.,.,.,.,.,.,.,.,.,.,.,.,.,.,.,.,.,.,.,.,.,.,.,.,.,.,.,.,.,.,.,.,.,.,.,.,.,.,.,.,.,.,.,.,.,.,.,.,.,.,.,.,.,.,.
22,2,99100,139,194000000,4323,.,.,.,5900000,37000,.,.,.,.,.,.,.,.,.,.,.,.,.,.,.,.,.,.,.,.,.,.,.,.,.,.,.,.,.,.,.,.,.,.,.,.,.,.,.,.,.,.,.,.,.,.,.,.,.,.,.,.,.,.,.,.
22,3,99700,139,219000000,4453,.,.,.,10300000,40000,.,.,.,.,.,.,.,.,.,.,.,.,.,.,.,.,.,.,.,.,.,.,.,.,.,.,.,.,.,.,.,.,.,.,.,.,.,.,.,.,.,.,.,.,.,.,.,.,.,.,.,.,.,.,.,.
22,4,100300,139,252000000,5255,.,.,.,13100000,41000,.,.,.,.,.,.,.,.,.,.,.,.,.,.,.,.,.,.,.,.,.,.,.,.,.,.,.,.,.,.,.,.,.,.,.,.,.,.,.,.,.,.,.,.,.,.,.,.,.,.,.,.,.,.,.,.
22,5,100900,139,287000000,.,.,.,.,15000000,42000,.,.,.,.,.,.,.,.,.,.,.,.,.,.,.,.,.,.,.,.,.,.,.,.,.,.,.,.,.,.,.,.,.,.,.,.,.,.,.,.,.,.,.,.,.,.,.,.,.,.,.,.,.,.,.,.
22,6,101600,139,303000000,.,.,.,.,15700000,39000,.,.,.,.,.,.,.,.,.,.,.,.,.,.,.,.,.,.,.,.,.,.,.,.,.,.,.,.,.,.,.,.,.,.,.,.,.,.,.,.,.,.,.,.,.,.,.,.,.,.,.,.,.,.,.,.
22,7,102300,139,327000000,.,.,.,15200000,15200000,46000,19000,19000,.,.,46000,19000,.,0.45,6,8.4,14.4,0.88,.,6000,37000,3000,.,.,.,10414,.,.,.,765,321,.,.,.,.,.,.,.,.,.,.,.,.,867,.,.,.,.,.,4.9,6.2,-1.3,11.1,79.2,119.3,58.1,39.1,8.7,14.2,45.1,10.8,9.5
22,8,102900,139,332000000,.,.,.,19500000,19500000,49000,35000,35000,43000,6000,49000,35000,.,0.48,4.1,15,19.1,0.4,.,6000,39000,3000,.,.,1000,11431,.,.,.,771,387,.,.,.,.,.,.,.,.,.,.,.,.,947,.,.,.,.,.,5.7,7.4,-1.6,13.1,77.7,154.5,53.5,39.8,11.5,15.4,45.6,11.5,10.3
22,9,103500,139,337000000,.,.,.,16900000,16800000,51000,32000,32000,43000,8000,51000,32000,.,0.49,4.2,11.9,16.1,0.8,.,7000,39000,4000,.,.,1000,11598,.,.,.,883,643,.,.,.,.,.,.,.,.,.,.,.,.,1360,.,.,.,.,.,5.3,6,-0.7,11.2,88.5,230.6,49,40.4,11.4,13.7,40.8,10.2,9.2
22,10,104100,139,385000000,.,.,.,.,.,45000,24000,24000,38000,8000,45000,24000,.,0.43,.,.,.,.,.,6000,36000,3000,.,.,.,10214,.,.,.,719,628,.,.,.,.,.,.,.,.,.,.,.,.,674,.,.,.,.,.,.,.,.,.,.,.,.,.,.,.,.,.,.
22,11,104500,139,439000000,.,.,.,.,.,46000,.,.,.,.,.,.,.,.,.,.,.,.,.,.,.,.,.,.,.,10320,.,.,305,780,671,175,.,.,31,.,.,.,.,.,.,.,.,696,.,.,.,.,.,.,.,.,.,.,.,.,.,.,.,.,.,.
22,12,.,139,476000000,.,.,.,.,.,.,.,.,.,.,.,.,.,.,.,.,.,.,.,.,.,.,.,.,.,.,.,.,.,.,.,.,.,.,.,.,.,.,.,.,.,.,.,.,.,.,.,.,.,.,.,.,.,.,.,.,.,.,.,.,.,.
23,0,9400,26,14000000,.,.,.,.,.,1100,.,.,.,.,.,.,.,.,.,.,.,.,.,.,.,.,.,.,.,.,.,.,.,.,.,.,.,.,.,.,.,.,.,.,.,.,.,.,.,.,.,.,.,.,.,.,.,.,.,.,.,.,.,.,.,.
23,1,9500,26,13000000,.,.,.,.,.,1100,.,.,.,.,.,.,.,.,.,.,.,.,.,.,.,.,.,.,.,.,.,.,.,.,.,.,.,.,.,.,.,.,.,.,.,.,.,.,.,.,.,.,.,.,.,.,.,.,.,.,.,.,.,.,.,.
23,2,9500,26,15000000,.,.,.,.,.,1300,.,.,.,.,.,.,.,.,.,.,.,.,.,.,.,.,.,.,.,.,.,.,.,.,.,.,.,.,.,.,.,.,.,.,.,.,.,.,.,.,.,.,.,.,.,.,.,.,.,.,.,.,.,.,.,.
23,3,9600,26,18000000,.,.,.,.,.,1400,.,.,.,.,.,.,.,.,.,.,.,.,.,.,.,.,.,.,.,.,.,.,.,.,.,.,.,.,.,.,.,.,.,.,.,.,.,.,.,.,.,.,.,.,.,.,.,.,.,.,.,.,.,.,.,.
23,4,9600,26,22000000,.,.,.,.,.,1300,.,.,.,.,.,.,.,.,.,.,.,.,.,.,.,.,.,.,.,.,.,.,.,.,.,.,.,.,.,.,.,.,.,.,.,.,.,.,.,.,.,.,.,.,.,.,.,.,.,.,.,.,.,.,.,.
23,5,9700,26,22000000,.,.,.,.,.,1100,.,.,.,.,.,.,.,.,.,.,.,.,.,.,.,.,.,.,.,.,.,.,.,.,.,.,.,.,.,.,.,.,.,.,.,.,.,.,.,.,.,.,.,.,.,.,.,.,.,.,.,.,.,.,.,.
23,6,9700,26,23000000,.,.,.,.,.,1100,.,.,.,.,.,.,.,.,.,.,.,.,.,.,.,.,.,.,.,.,.,.,.,.,.,.,.,.,.,.,.,.,.,.,.,.,.,.,.,.,.,.,.,.,.,.,.,.,.,.,.,.,.,.,.,.
23,7,9800,26,27000000,.,.,.,.,.,1100,.,.,1000,100,1000,100,.,0.11,.,.,.,.,.,100,900,100,.,.,.,138,.,.,16,18,.,.,.,.,.,.,.,.,.,.,.,.,.,35,.,.,.,.,.,.,.,.,.,.,.,.,.,.,.,.,.,.
23,8,9800,26,31000000,.,.,.,.,.,1700,.,.,.,.,.,.,.,0.17,.,.,.,.,.,100,1300,200,.,.,100,205,.,.,12,18,.,20,.,.,.,.,.,.,.,.,.,.,.,44,.,.,.,.,.,.,.,.,.,.,.,.,.,.,.,.,.,.
23,9,9800,26,27000000,.,.,.,.,.,1600,.,.,.,.,.,.,.,0.16,.,.,.,.,.,100,1300,100,.,.,100,194,.,.,15,30,.,74,.,.,.,.,.,.,.,.,.,.,.,54,.,.,.,.,.,.,.,.,.,.,.,.,.,.,.,.,.,.
23,10,9800,26,32000000,.,.,.,.,.,1700,.,.,.,.,.,.,.,0.17,.,.,.,.,.,100,1300,100,.,.,100,166,.,.,17,28,.,41,.,.,.,.,.,.,.,.,.,.,.,42,.,.,.,.,.,.,.,.,.,.,.,.,.,.,.,.,.,.
23,11,9800,26,36000000,.,.,.,.,.,1200,.,.,1100,100,1100,100,.,0.12,.,.,.,.,.,100,900,100,.,.,100,116,.,.,8,16,.,9,.,.,.,.,.,.,.,.,.,.,.,22,.,.,.,.,.,.,.,.,.,.,.,.,.,.,.,.,.,.
23,12,.,26,37000000,.,.,.,.,.,.,.,.,.,.,.,.,.,.,.,.,.,.,.,.,.,.,.,.,.,.,.,.,.,.,.,.,.,.,.,.,.,.,.,.,.,.,.,.,.,.,.,.,.,.,.,.,.,.,.,.,.,.,.,.,.,.
24,0,19200,459,.,.,.,.,.,53000000,58000,.,.,.,.,.,.,.,.,.,.,.,.,.,.,.,.,.,.,.,.,.,.,.,.,.,.,.,.,.,.,.,.,.,.,.,.,.,.,.,.,.,.,.,.,.,.,.,.,.,.,.,.,.,.,.,.
24,1,19400,459,.,.,.,.,.,59000000,54000,.,.,.,.,.,.,.,.,.,.,.,.,.,.,.,.,.,.,.,.,.,.,.,.,.,.,.,.,.,.,.,.,.,.,.,.,.,.,.,.,.,.,.,.,.,.,.,.,.,.,.,.,.,.,.,.
24,2,19600,459,.,.,.,.,.,57000000,59000,.,.,.,.,.,.,.,.,.,.,.,.,.,.,.,.,.,.,.,.,.,.,.,.,.,.,.,.,.,.,.,.,.,.,.,.,.,.,.,.,.,.,.,.,.,.,.,.,.,.,.,.,.,.,.,.
24,3,19700,459,.,.,.,.,.,76000000,63000,.,.,.,.,.,.,.,.,.,.,.,.,.,.,.,.,.,.,.,.,.,.,.,.,.,.,.,.,.,.,.,.,.,.,.,.,.,.,.,.,.,.,.,.,.,.,.,.,.,.,.,.,.,.,.,.
24,4,19800,459,.,.,.,.,.,97000000,89000,.,.,.,.,.,.,.,.,.,.,.,.,.,.,.,.,.,.,.,.,.,.,.,.,.,.,.,.,.,.,.,.,.,.,.,.,.,.,.,.,.,.,.,.,.,.,.,.,.,.,.,.,.,.,.,.
24,5,19900,459,.,.,.,.,.,97000000,81000,.,.,.,.,.,.,.,.,.,.,.,.,.,.,.,.,.,.,.,.,.,.,.,.,.,.,.,.,.,.,.,.,.,.,.,.,.,.,.,.,.,.,.,.,.,.,.,.,.,.,.,.,.,.,.,.
24,6,20000,459,.,.,.,.,.,99000000,82000,.,.,.,.,.,.,.,.,.,.,.,.,.,.,.,.,.,.,.,.,.,.,.,.,.,.,.,.,.,.,.,.,.,.,.,.,.,.,.,.,.,.,.,.,.,.,.,.,.,.,.,.,.,.,.,.
24,7,20100,459,.,.,.,.,113000000,113000000,88000,.,.,84000,4000,88000,0,.,4.37,.,.,.,.,.,6000,79000,2000,.,.,1000,733,.,.,.,476,464,328,.,140,.,.,.,.,.,.,.,302,.,389,.,.,.,.,.,.,.,.,.,.,.,.,.,.,.,.,.,.
24,8,20200,459,.,.,.,1386,117000000,117000000,79000,.,.,76000,3000,79000,0,.,3.91,.,.,.,.,.,5000,70000,3000,.,.,1000,711,.,.,.,621,439,344,.,187,.,.,.,.,.,.,.,637,.,335,.,.,.,.,.,.,.,.,.,.,.,.,.,.,.,.,.,.
24,9,20300,459,.,.,.,1386,113000000,113000000,72000,.,.,68000,4000,72000,0,.,3.54,.,.,.,.,.,5000,63000,3000,.,.,1000,700,.,.,.,629,534,327,.,225,.,.,.,.,.,.,.,295,.,373,.,.,.,.,.,.,.,.,.,.,.,.,.,.,.,.,.,.
24,10,20500,459,.,.,.,1394,124000000,124000000,86000,.,.,82000,3000,86000,0,.,4.2,.,.,.,.,.,6000,76000,3000,.,.,1000,1241,.,.,245,662,725,384,.,216,.,.,.,.,.,226,.,562,.,311,.,.,.,.,.,.,.,.,.,.,.,.,.,.,.,.,.,.
24,11,20600,459,.,.,.,1394,.,.,109000,.,.,106000,3000,109000,0,.,5.29,.,.,.,.,.,6000,99000,3000,.,.,1000,1134,.,.,279,749,1699,273,.,289,.,.,.,.,.,210,.,577,.,260,.,.,.,.,.,.,.,.,.,.,.,.,.,.,.,.,.,.
24,12,.,459,.,.,.,.,.,.,.,.,.,.,.,.,.,.,.,.,.,.,.,.,.,.,.,.,.,.,.,.,.,.,.,.,.,.,.,.,.,.,.,.,.,.,.,.,.,.,.,.,.,.,.,.,.,.,.,.,.,.,.,.,.,.,.
25,0,4028000,710,94308000000,71042,.,.,.,5142000000,6062000,.,.,.,.,.,.,.,.,.,.,.,.,.,.,.,.,.,.,.,.,.,.,.,.,.,.,.,.,.,.,.,.,.,.,.,.,.,.,.,.,.,.,.,.,.,.,.,.,.,.,.,.,.,.,.,.
25,1,4138000,710,87701000000,72431,.,.,.,4641000000,5857000,.,.,.,.,.,.,.,.,.,.,.,.,.,.,.,.,.,.,.,.,.,.,.,.,.,.,.,.,.,.,.,.,.,.,.,.,.,.,.,.,.,.,.,.,.,.,.,.,.,.,.,.,.,.,.,.
25,2,4176000,710,90640000000,72444,.,.,.,4458000000,5855000,.,.,.,.,.,.,.,.,.,.,.,.,.,.,.,.,.,.,.,.,.,.,.,.,.,.,.,.,.,.,.,.,.,.,.,.,.,.,.,.,.,.,.,.,.,.,.,.,.,.,.,.,.,.,.,.
25,3,4115000,710,95957000000,64117,.,.,.,3842000000,4703000,.,.,.,.,.,.,.,.,.,.,.,.,.,.,.,.,.,.,.,.,.,.,.,.,.,.,.,.,.,.,.,.,.,.,.,.,.,.,.,.,.,.,.,.,.,.,.,.,.,.,.,.,.,.,.,.
25,4,4167000,710,112697000000,76253,.,.,.,5327000000,6553000,.,.,.,.,.,.,.,.,.,.,.,.,.,.,.,.,.,.,.,.,.,.,.,.,.,.,.,.,.,.,.,.,.,.,.,.,.,.,.,.,.,.,.,.,.,.,.,.,.,.,.,.,.,.,.,.
25,5,4266000,710,125429000000,77119,.,.,.,6209000000,7079000,.,.,.,.,.,.,.,.,.,.,.,.,.,.,.,.,.,.,.,.,.,.,.,.,.,.,.,.,.,.,.,.,.,.,.,.,.,.,.,.,.,.,.,.,.,.,.,.,.,.,.,.,.,.,.,.
25,6,4401000,710,145746000000,84747,.,.,.,7536000000,7588000,.,.,.,.,.,.,.,.,.,.,.,.,.,.,.,.,.,.,.,.,.,.,.,.,.,.,.,.,.,.,.,.,.,.,.,.,.,.,.,.,.,.,.,.,.,.,.,.,.,.,.,.,.,.,.,.
25,7,4589000,710,177580000000,87564,226,37624,.,9066000000,7957000,2328000,.,7117000,3168000,7172000,1538000,.,1.73,.,.,9066,.,94000,524000,7323000,1277000,78000,968000,21000,724904,18735,19209,126056,184726,1090287,44872,86489,49040,622419,10010,.,.,23773,.,42736,.,42295,609740,.,87,.,.,.,5.1,7.6,-2.5,12.7,67.6,2.9,12.3,2.3,2,5.2,17.6,4,3.4
25,8,4839000,710,189964000000,91387,243,39376,.,10714000000,7778000,2338000,.,6950000,3166000,7234000,1322000,.,1.61,.,.,10714,.,86000,505000,7070000,1334000,88000,1027000,6000,779776,20522,19228,138940,197412,1053659,50071,89252,56013,848683,12254,.,.,29052,.,41375,.,40001,603743,.,81,.,.,.,5.6,8.6,-3,14.2,65.5,3,12.2,2.4,2.2,5.2,18,4.1,3.6
25,9,4988000,710,185638000000,83772,268,42719,.,9368000000,7489000,2194000,.,6972000,2711000,7228000,1154000,.,1.5,.,.,9368,.,73000,468000,6785000,1318000,86000,953000,.,769549,20722,19797,147540,203858,913067,54198,91445,54717,792245,10464,.,.,30288,.,36740,.,36453,568385,.,75.8,.,.,.,5,8.5,-3.5,13.5,59.1,3.2,11.7,2.5,2.2,6.6,19,4.9,4.2
25,10,5077000,710,231697000000,128829,282,47312,.,14133000000,9161000,2481000,.,8382000,3260000,8845000,1266000,.,1.8,.,.,14133,.,70000,525000,8475000,1386000,101000,1084000,.,819953,23787,22693,165255,231070,1150027,59902,92941,62158,907350,13194,.,.,34013,.,34330,.,40336,572796,.,85.1,.,.,.,6.2,8.2,-2,14.4,75.9,3.8,14.1,3,2.6,6,18.9,4.6,3.9
25,11,5184000,710,265622000000,141519,.,.,.,17990000000,10390000,2781000,.,.,.,10142000,1328000,.,2,.,.,17990,.,70000,564000,9887000,1414000,113000,1123000,.,.,.,.,.,.,.,.,.,.,.,.,.,.,.,.,.,.,.,.,.,86.5,.,.,.,6.9,8.1,-1.2,15.1,85.2,4.2,15.8,3.3,2.9,5.8,18.9,4.5,3.8
25,12,5312500,710,276520000000,154429,.,.,.,.,.,.,.,.,.,.,.,.,.,.,.,.,.,.,.,.,.,.,.,.,.,.,.,.,.,.,.,.,.,.,.,.,.,.,.,.,.,.,.,.,.,.,.,.,.,.,.,.,.,.,.,.,.,.,.,.,.
26,0,1292000,5131,8157000000,25982,.,.,.,371000000,399000,.,.,.,.,.,.,.,.,.,.,.,.,.,.,.,.,.,.,.,.,.,.,.,.,.,.,.,.,.,.,.,.,.,.,.,.,.,.,.,.,.,.,.,.,.,.,.,.,.,.,.,.,.,.,.,.
26,1,1297000,5131,8826000000,27908,.,.,.,361000000,383000,.,.,.,.,.,.,.,.,.,.,.,.,.,.,.,.,.,.,.,.,.,.,.,.,.,.,.,.,.,.,.,.,.,.,.,.,.,.,.,.,.,.,.,.,.,.,.,.,.,.,.,.,.,.,.,.
26,2,1302000,5131,9009000000,23076,.,.,.,402000000,384000,.,.,.,.,.,.,.,.,.,.,.,.,.,.,.,.,.,.,.,.,.,.,.,.,.,.,.,.,.,.,.,.,.,.,.,.,.,.,.,.,.,.,.,.,.,.,.,.,.,.,.,.,.,.,.,.
26,3,1306000,5131,11305000000,17731,.,.,.,437000000,409000,.,.,.,.,.,.,.,.,.,.,.,.,.,.,.,.,.,.,.,.,.,.,.,.,.,.,.,.,.,.,.,.,.,.,.,.,.,.,.,.,.,.,.,.,.,.,.,.,.,.,.,.,.,.,.,.
26,4,1311000,5131,13280000000,17483,.,.,.,568000000,433000,.,.,.,.,.,.,.,.,.,.,.,.,.,.,.,.,.,.,.,.,.,.,.,.,.,.,.,.,.,.,.,.,.,.,.,.,.,.,.,.,.,.,.,.,.,.,.,.,.,.,.,.,.,.,.,.
26,5,1315000,5131,15982000000,14298,.,.,.,593000000,463000,.,.,.,.,.,.,.,.,.,.,.,.,.,.,.,.,.,.,.,.,.,.,.,.,.,.,.,.,.,.,.,.,.,.,.,.,.,.,.,.,.,.,.,.,.,.,.,.,.,.,.,.,.,.,.,.
26,6,1320000,5131,18369000000,13878,.,.,.,517000000,461000,.,.,.,.,.,.,.,.,.,.,.,.,.,.,.,.,.,.,.,.,.,.,.,.,.,.,.,.,.,.,.,.,.,.,.,.,.,.,.,.,.,.,.,.,.,.,.,.,.,.,.,.,.,.,.,.
26,7,1326000,5131,21642000000,14703,.,6048,621000000,621000000,449000,82000,82000,364000,85000,449000,82000,.,0.34,356,107,463,158,1000,356000,6000,83000,.,3000,.,1290,452,618,2323,5422,1824,1110,3897,951,2656,170,.,.,762,92,567,117,2326,58660,4,49,.,.,.,2.9,0.7,2.2,3.6,400.6,4.7,67.2,4.4,4.3,2,40.4,1.9,1.9
26,8,1331000,5131,27870000000,15017,.,6048,557000000,557000000,437000,45000,45000,348000,89000,437000,45000,.,0.33,189,208,397,160,1000,365000,5000,63000,.,2000,1000,910,487,469,2277,4876,1936,920,3141,834,2017,171,.,.,745,99,366,81,1495,42924,2,49,.,.,.,2,0.4,1.6,2.4,546.1,3,59.5,2.8,2.8,1.1,31.3,1,1
26,9,1336000,5131,19662000000,14247,.,.,548000000,548000000,419000,115000,115000,328000,90000,419000,115000,.,0.31,310,57,367,181,2000,351000,5000,58000,.,2000,1000,950,453,437,2177,4895,2057,1062,2409,899,1894,188,.,.,808,209,406,84,1286,38400,.,49.2,.,.,.,2.8,0.7,2.1,3.5,402.9,6,71.7,5.5,5.3,2,35.5,1.9,1.8
26,10,1341000,5131,20593000000,28909,.,.,630000000,630000000,386000,102000,102000,312000,74000,386000,102000,.,0.29,396,53,450,180,1000,325000,5000,52000,.,2000,1000,819,409,533,1829,4657,1548,986,2202,920,1344,133,.,.,879,139,370,79,1109,34179,1,51.7,.,.,.,3,0.5,2.6,3.5,649.5,5.6,72.1,5.2,5,1.5,24.9,1.4,1.3
26,11,1346350,5131,23586000000,36648,.,.,.,.,.,.,.,.,.,.,.,.,.,.,.,.,.,.,.,.,.,.,.,.,.,.,.,.,.,.,.,.,.,.,.,.,.,.,.,.,.,.,.,.,.,.,.,.,.,.,.,.,.,.,.,.,.,.,.,.,.
26,12,.,5131,25277000000,36648,.,.,.,.,.,.,.,.,.,.,.,.,.,.,.,.,.,.,.,.,.,.,.,.,.,.,.,.,.,.,.,.,.,.,.,.,.,.,.,.,.,.,.,.,.,.,.,.,.,.,.,.,.,.,.,.,.,.,.,.,.
27,0,408700,28400,381000000,11481,.,.,.,4000000,5000,.,.,.,.,.,.,.,.,.,.,.,.,.,.,.,.,.,.,.,.,.,.,.,.,.,.,.,.,.,.,.,.,.,.,.,.,.,.,.,.,.,.,.,.,.,.,.,.,.,.,.,.,.,.,.,.
27,1,420200,28400,380000000,12496,.,.,.,8800000,.,.,.,.,.,.,.,.,.,.,.,.,.,.,.,.,.,.,.,.,.,.,.,.,.,.,.,.,.,.,.,.,.,.,.,.,.,.,.,.,.,.,.,.,.,.,.,.,.,.,.,.,.,.,.,.,.
27,2,432100,28400,324000000,13011,.,.,.,800000,.,.,.,.,.,.,.,.,.,.,.,.,.,.,.,.,.,.,.,.,.,.,.,.,.,.,.,.,.,.,.,.,.,.,.,.,.,.,.,.,.,.,.,.,.,.,.,.,.,.,.,.,.,.,.,.,.
27,3,444300,28400,314000000,9745,.,.,.,1600000,7000,.,.,.,.,.,.,.,.,.,.,.,.,.,.,.,.,.,.,.,.,.,.,.,.,.,.,.,.,.,.,.,.,.,.,.,.,.,.,.,.,.,.,.,.,.,.,.,.,.,.,.,.,.,.,.,.
27,4,456900,28400,363000000,11512,.,.,.,3520000,5600,.,.,.,.,.,.,.,.,.,.,.,.,.,.,.,.,.,.,.,.,.,.,.,.,.,.,.,.,.,.,.,.,.,.,.,.,.,.,.,.,.,.,.,.,.,.,.,.,.,.,.,.,.,.,.,.
27,5,469800,28400,429000000,12318,.,.,.,6400000,9000,.,.,.,.,.,.,.,.,.,.,.,.,.,.,.,.,.,.,.,.,.,.,.,.,.,.,.,.,.,.,.,.,.,.,.,.,.,.,.,.,.,.,.,.,.,.,.,.,.,.,.,.,.,.,.,.
27,6,483000,28400,471000000,13883,.,.,.,35300000,11000,.,.,.,.,.,.,.,.,.,.,.,.,.,.,.,.,.,.,.,.,.,.,.,.,.,.,.,.,.,.,.,.,.,.,.,.,.,.,.,.,.,.,.,.,.,.,.,.,.,.,.,.,.,.,.,.
27,7,496500,28400,516000000,13640,.,1258,37800000,37800000,14000,1400,.,7500,6200,13700,0,.,0.03,12.5,14.8,27.3,10.5,.,1000,11600,900,.,.,200,5960,.,.,48,87,.,63,125,.,.,.,.,.,.,.,.,.,,318,.,.,.,14,5.18,.,.,.,.,106.2,23,64.1,16.9,11.1,13.6,36.8,9.9,9.3
27,8,510200,28400,608000000,13649,.,1324,40600000,40600000,16000,.,.,9700,6500,16300,0,.,0.03,18.8,18.1,36.9,3.7,.,1200,13800,1100,.,.,200,7413,.,.,91,124,.,37,37,.,.,.,.,.,.,.,.,.,,457,.,.,.,14,4.99,.,.,.,.,100.2,19.3,68.8,15.1,9.8,13.8,34.9,9.9,9.2
27,9,524100,28400,598000000,13529,.,.,50000000,50000000,18000,.,.,10800,7500,18300,0,.,0.03,23,21.1,44.1,5.9,.,1100,15900,1100,.,.,200,8902,.,.,81,100,.,66,51,.,.,.,.,.,.,.,.,.,,419,.,.,.,.,.,.,.,.,.,132.3,30.3,71.5,21.3,12.5,15.8,36,11,9.6
27,10,538100,28400,682000000,7388,.,.,65400000,65400000,21000,.,.,.,.,20500,0,.,0.04,27,26.8,53.9,11.5,.,1000,18200,1000,.,.,300,10751,.,.,82,101,.,39,53,.,.,.,.,.,.,.,.,.,,432,.,.,.,.,.,.,.,.,.,127.7,28.9,61.4,19.6,12.1,14.2,27.3,9.3,8.2
27,11,552300,28400,869000000,7049,.,.,.,.,23000,.,.,14100,8800,22900,0,.,0.04,.,.,.,.,.,1200,20500,900,.,.,300,11392,.,.,60,111,.,80,64,.,.,.,.,.,.,.,.,.,,380,.,.,.,.,.,.,.,.,.,.,.,.,.,.,.,.,.,.
27,12,.,28400,1010000000,6660,.,.,.,.,.,.,.,.,.,.,.,.,.,.,.,.,.,.,.,.,.,.,.,.,.,.,.,.,.,.,.,.,.,.,.,.,.,.,.,.,.,.,.,.,.,.,.,.,.,.,.,.,.,.,.,.,.,.,.,.,.
